id,kode_provinsi,nama_provinsi,kode_kabupaten_kota,nama_kabupaten_kota,kepemilikan,jumlah_faskes,satuan,tahun
1,32,JAWA BARAT,3201,KABUPATEN BOGOR,KEMENKES,0,UNIT,2019
2,32,JAWA BARAT,3201,KABUPATEN BOGOR,KEMENTERIAN LAIN,0,UNIT,2019
3,32,JAWA BARAT,3201,KABUPATEN BOGOR,PEM.PROV,0,UNIT,2019
4,32,JAWA BARAT,3201,KABUPATEN BOGOR,PEM.KAB/KOTA,4,UNIT,2019
5,32,JAWA BARAT,3201,KABUPATEN BOGOR,TNI/POLRI,1,UNIT,2019
6,32,JAWA BARAT,3201,KABUPATEN BOGOR,BUMN,0,UNIT,2019
7,32,JAWA BARAT,3201,KABUPATEN BOGOR,SWASTA,18,UNIT,2019
8,32,JAWA BARAT,3202,KABUPATEN SUKABUMI,KEMENKES,0,UNIT,2019
9,32,JAWA BARAT,3202,KABUPATEN SUKABUMI,KEMENTERIAN LAIN,0,UNIT,2019
10,32,JAWA BARAT,3202,KABUPATEN SUKABUMI,PEM.PROV,1,UNIT,2019
11,32,JAWA BARAT,3202,KABUPATEN SUKABUMI,PEM.KAB/KOTA,2,UNIT,2019
12,32,JAWA BARAT,3202,KABUPATEN SUKABUMI,TNI/POLRI,0,UNIT,2019
13,32,JAWA BARAT,3202,KABUPATEN SUKABUMI,BUMN,0,UNIT,2019
14,32,JAWA BARAT,3202,KABUPATEN SUKABUMI,SWASTA,4,UNIT,2019
15,32,JAWA BARAT,3203,KABUPATEN CIANJUR,KEMENKES,0,UNIT,2019
16,32,JAWA BARAT,3203,KABUPATEN CIANJUR,KEMENTERIAN LAIN,0,UNIT,2019
17,32,JAWA BARAT,3203,KABUPATEN CIANJUR,PEM.PROV,0,UNIT,2019
18,32,JAWA BARAT,3203,KABUPATEN CIANJUR,PEM.KAB/KOTA,3,UNIT,2019
19,32,JAWA BARAT,3203,KABUPATEN CIANJUR,TNI/POLRI,0,UNIT,2019
20,32,JAWA BARAT,3203,KABUPATEN CIANJUR,BUMN,0,UNIT,2019
21,32,JAWA BARAT,3203,KABUPATEN CIANJUR,SWASTA,1,UNIT,2019
22,32,JAWA BARAT,3204,KABUPATEN BANDUNG,KEMENKES,0,UNIT,2019
23,32,JAWA BARAT,3204,KABUPATEN BANDUNG,KEMENTERIAN LAIN,0,UNIT,2019
24,32,JAWA BARAT,3204,KABUPATEN BANDUNG,PEM.PROV,1,UNIT,2019
25,32,JAWA BARAT,3204,KABUPATEN BANDUNG,PEM.KAB/KOTA,3,UNIT,2019
26,32,JAWA BARAT,3204,KABUPATEN BANDUNG,TNI/POLRI,1,UNIT,2019
27,32,JAWA BARAT,3204,KABUPATEN BANDUNG,BUMN,0,UNIT,2019
28,32,JAWA BARAT,3204,KABUPATEN BANDUNG,SWASTA,3,UNIT,2019
29,32,JAWA BARAT,3205,KABUPATEN GARUT,KEMENKES,0,UNIT,2019
30,32,JAWA BARAT,3205,KABUPATEN GARUT,KEMENTERIAN LAIN,0,UNIT,2019
31,32,JAWA BARAT,3205,KABUPATEN GARUT,PEM.PROV,1,UNIT,2019
32,32,JAWA BARAT,3205,KABUPATEN GARUT,PEM.KAB/KOTA,1,UNIT,2019
33,32,JAWA BARAT,3205,KABUPATEN GARUT,TNI/POLRI,1,UNIT,2019
34,32,JAWA BARAT,3205,KABUPATEN GARUT,BUMN,0,UNIT,2019
35,32,JAWA BARAT,3205,KABUPATEN GARUT,SWASTA,3,UNIT,2019
36,32,JAWA BARAT,3206,KABUPATEN TASIKMALAYA,KEMENKES,0,UNIT,2019
37,32,JAWA BARAT,3206,KABUPATEN TASIKMALAYA,KEMENTERIAN LAIN,0,UNIT,2019
38,32,JAWA BARAT,3206,KABUPATEN TASIKMALAYA,PEM.PROV,0,UNIT,2019
39,32,JAWA BARAT,3206,KABUPATEN TASIKMALAYA,PEM.KAB/KOTA,1,UNIT,2019
40,32,JAWA BARAT,3206,KABUPATEN TASIKMALAYA,TNI/POLRI,0,UNIT,2019
41,32,JAWA BARAT,3206,KABUPATEN TASIKMALAYA,BUMN,0,UNIT,2019
42,32,JAWA BARAT,3206,KABUPATEN TASIKMALAYA,SWASTA,0,UNIT,2019
43,32,JAWA BARAT,3207,KABUPATEN CIAMIS,KEMENKES,0,UNIT,2019
44,32,JAWA BARAT,3207,KABUPATEN CIAMIS,KEMENTERIAN LAIN,0,UNIT,2019
45,32,JAWA BARAT,3207,KABUPATEN CIAMIS,PEM.PROV,0,UNIT,2019
46,32,JAWA BARAT,3207,KABUPATEN CIAMIS,PEM.KAB/KOTA,1,UNIT,2019
47,32,JAWA BARAT,3207,KABUPATEN CIAMIS,TNI/POLRI,0,UNIT,2019
48,32,JAWA BARAT,3207,KABUPATEN CIAMIS,BUMN,0,UNIT,2019
49,32,JAWA BARAT,3207,KABUPATEN CIAMIS,SWASTA,3,UNIT,2019
50,32,JAWA BARAT,3208,KABUPATEN KUNINGAN,KEMENKES,0,UNIT,2019
51,32,JAWA BARAT,3208,KABUPATEN KUNINGAN,KEMENTERIAN LAIN,0,UNIT,2019
52,32,JAWA BARAT,3208,KABUPATEN KUNINGAN,PEM.PROV,0,UNIT,2019
53,32,JAWA BARAT,3208,KABUPATEN KUNINGAN,PEM.KAB/KOTA,2,UNIT,2019
54,32,JAWA BARAT,3208,KABUPATEN KUNINGAN,TNI/POLRI,0,UNIT,2019
55,32,JAWA BARAT,3208,KABUPATEN KUNINGAN,BUMN,0,UNIT,2019
56,32,JAWA BARAT,3208,KABUPATEN KUNINGAN,SWASTA,8,UNIT,2019
57,32,JAWA BARAT,3209,KABUPATEN CIREBON,KEMENKES,0,UNIT,2019
58,32,JAWA BARAT,3209,KABUPATEN CIREBON,KEMENTERIAN LAIN,0,UNIT,2019
59,32,JAWA BARAT,3209,KABUPATEN CIREBON,PEM.PROV,0,UNIT,2019
60,32,JAWA BARAT,3209,KABUPATEN CIREBON,PEM.KAB/KOTA,2,UNIT,2019
61,32,JAWA BARAT,3209,KABUPATEN CIREBON,TNI/POLRI,0,UNIT,2019
62,32,JAWA BARAT,3209,KABUPATEN CIREBON,BUMN,0,UNIT,2019
63,32,JAWA BARAT,3209,KABUPATEN CIREBON,SWASTA,6,UNIT,2019
64,32,JAWA BARAT,3210,KABUPATEN MAJALENGKA,KEMENKES,0,UNIT,2019
65,32,JAWA BARAT,3210,KABUPATEN MAJALENGKA,KEMENTERIAN LAIN,0,UNIT,2019
66,32,JAWA BARAT,3210,KABUPATEN MAJALENGKA,PEM.PROV,0,UNIT,2019
67,32,JAWA BARAT,3210,KABUPATEN MAJALENGKA,PEM.KAB/KOTA,2,UNIT,2019
68,32,JAWA BARAT,3210,KABUPATEN MAJALENGKA,TNI/POLRI,0,UNIT,2019
69,32,JAWA BARAT,3210,KABUPATEN MAJALENGKA,BUMN,0,UNIT,2019
70,32,JAWA BARAT,3210,KABUPATEN MAJALENGKA,SWASTA,0,UNIT,2019
71,32,JAWA BARAT,3211,KABUPATEN SUMEDANG,KEMENKES,0,UNIT,2019
72,32,JAWA BARAT,3211,KABUPATEN SUMEDANG,KEMENTERIAN LAIN,0,UNIT,2019
73,32,JAWA BARAT,3211,KABUPATEN SUMEDANG,PEM.PROV,0,UNIT,2019
74,32,JAWA BARAT,3211,KABUPATEN SUMEDANG,PEM.KAB/KOTA,1,UNIT,2019
75,32,JAWA BARAT,3211,KABUPATEN SUMEDANG,TNI/POLRI,0,UNIT,2019
76,32,JAWA BARAT,3211,KABUPATEN SUMEDANG,BUMN,0,UNIT,2019
77,32,JAWA BARAT,3211,KABUPATEN SUMEDANG,SWASTA,2,UNIT,2019
78,32,JAWA BARAT,3212,KABUPATEN INDRAMAYU,KEMENKES,0,UNIT,2019
79,32,JAWA BARAT,3212,KABUPATEN INDRAMAYU,KEMENTERIAN LAIN,0,UNIT,2019
80,32,JAWA BARAT,3212,KABUPATEN INDRAMAYU,PEM.PROV,0,UNIT,2019
81,32,JAWA BARAT,3212,KABUPATEN INDRAMAYU,PEM.KAB/KOTA,3,UNIT,2019
82,32,JAWA BARAT,3212,KABUPATEN INDRAMAYU,TNI/POLRI,1,UNIT,2019
83,32,JAWA BARAT,3212,KABUPATEN INDRAMAYU,BUMN,1,UNIT,2019
84,32,JAWA BARAT,3212,KABUPATEN INDRAMAYU,SWASTA,6,UNIT,2019
85,32,JAWA BARAT,3213,KABUPATEN SUBANG,KEMENKES,0,UNIT,2019
86,32,JAWA BARAT,3213,KABUPATEN SUBANG,KEMENTERIAN LAIN,0,UNIT,2019
87,32,JAWA BARAT,3213,KABUPATEN SUBANG,PEM.PROV,0,UNIT,2019
88,32,JAWA BARAT,3213,KABUPATEN SUBANG,PEM.KAB/KOTA,1,UNIT,2019
89,32,JAWA BARAT,3213,KABUPATEN SUBANG,TNI/POLRI,1,UNIT,2019
90,32,JAWA BARAT,3213,KABUPATEN SUBANG,BUMN,1,UNIT,2019
91,32,JAWA BARAT,3213,KABUPATEN SUBANG,SWASTA,4,UNIT,2019
92,32,JAWA BARAT,3214,KABUPATEN PURWAKARTA,KEMENKES,0,UNIT,2019
93,32,JAWA BARAT,3214,KABUPATEN PURWAKARTA,KEMENTERIAN LAIN,0,UNIT,2019
94,32,JAWA BARAT,3214,KABUPATEN PURWAKARTA,PEM.PROV,0,UNIT,2019
95,32,JAWA BARAT,3214,KABUPATEN PURWAKARTA,PEM.KAB/KOTA,1,UNIT,2019
96,32,JAWA BARAT,3214,KABUPATEN PURWAKARTA,TNI/POLRI,0,UNIT,2019
97,32,JAWA BARAT,3214,KABUPATEN PURWAKARTA,BUMN,0,UNIT,2019
98,32,JAWA BARAT,3214,KABUPATEN PURWAKARTA,SWASTA,7,UNIT,2019
99,32,JAWA BARAT,3215,KABUPATEN KARAWANG,KEMENKES,0,UNIT,2019
100,32,JAWA BARAT,3215,KABUPATEN KARAWANG,KEMENTERIAN LAIN,0,UNIT,2019
101,32,JAWA BARAT,3215,KABUPATEN KARAWANG,PEM.PROV,0,UNIT,2019
102,32,JAWA BARAT,3215,KABUPATEN KARAWANG,PEM.KAB/KOTA,1,UNIT,2019
103,32,JAWA BARAT,3215,KABUPATEN KARAWANG,TNI/POLRI,0,UNIT,2019
104,32,JAWA BARAT,3215,KABUPATEN KARAWANG,BUMN,0,UNIT,2019
105,32,JAWA BARAT,3215,KABUPATEN KARAWANG,SWASTA,17,UNIT,2019
106,32,JAWA BARAT,3216,KABUPATEN BEKASI,KEMENKES,0,UNIT,2019
107,32,JAWA BARAT,3216,KABUPATEN BEKASI,KEMENTERIAN LAIN,0,UNIT,2019
108,32,JAWA BARAT,3216,KABUPATEN BEKASI,PEM.PROV,0,UNIT,2019
109,32,JAWA BARAT,3216,KABUPATEN BEKASI,PEM.KAB/KOTA,2,UNIT,2019
110,32,JAWA BARAT,3216,KABUPATEN BEKASI,TNI/POLRI,0,UNIT,2019
111,32,JAWA BARAT,3216,KABUPATEN BEKASI,BUMN,0,UNIT,2019
112,32,JAWA BARAT,3216,KABUPATEN BEKASI,SWASTA,42,UNIT,2019
113,32,JAWA BARAT,3217,KABUPATEN BANDUNG BARAT,KEMENKES,0,UNIT,2019
114,32,JAWA BARAT,3217,KABUPATEN BANDUNG BARAT,KEMENTERIAN LAIN,0,UNIT,2019
115,32,JAWA BARAT,3217,KABUPATEN BANDUNG BARAT,PEM.PROV,0,UNIT,2019
116,32,JAWA BARAT,3217,KABUPATEN BANDUNG BARAT,PEM.KAB/KOTA,3,UNIT,2019
117,32,JAWA BARAT,3217,KABUPATEN BANDUNG BARAT,TNI/POLRI,0,UNIT,2019
118,32,JAWA BARAT,3217,KABUPATEN BANDUNG BARAT,BUMN,0,UNIT,2019
119,32,JAWA BARAT,3217,KABUPATEN BANDUNG BARAT,SWASTA,3,UNIT,2019
120,32,JAWA BARAT,3218,KABUPATEN PANGANDARAN,KEMENKES,0,UNIT,2019
121,32,JAWA BARAT,3218,KABUPATEN PANGANDARAN,KEMENTERIAN LAIN,0,UNIT,2019
122,32,JAWA BARAT,3218,KABUPATEN PANGANDARAN,PEM.PROV,0,UNIT,2019
123,32,JAWA BARAT,3218,KABUPATEN PANGANDARAN,PEM.KAB/KOTA,0,UNIT,2019
124,32,JAWA BARAT,3218,KABUPATEN PANGANDARAN,TNI/POLRI,0,UNIT,2019
125,32,JAWA BARAT,3218,KABUPATEN PANGANDARAN,BUMN,0,UNIT,2019
126,32,JAWA BARAT,3218,KABUPATEN PANGANDARAN,SWASTA,0,UNIT,2019
127,32,JAWA BARAT,3271,KOTA BOGOR,KEMENKES,0,UNIT,2019
128,32,JAWA BARAT,3271,KOTA BOGOR,KEMENTERIAN LAIN,0,UNIT,2019
129,32,JAWA BARAT,3271,KOTA BOGOR,PEM.PROV,0,UNIT,2019
130,32,JAWA BARAT,3271,KOTA BOGOR,PEM.KAB/KOTA,1,UNIT,2019
131,32,JAWA BARAT,3271,KOTA BOGOR,TNI/POLRI,2,UNIT,2019
132,32,JAWA BARAT,3271,KOTA BOGOR,BUMN,0,UNIT,2019
133,32,JAWA BARAT,3271,KOTA BOGOR,SWASTA,13,UNIT,2019
134,32,JAWA BARAT,3272,KOTA SUKABUMI,KEMENKES,0,UNIT,2019
135,32,JAWA BARAT,3272,KOTA SUKABUMI,KEMENTERIAN LAIN,0,UNIT,2019
136,32,JAWA BARAT,3272,KOTA SUKABUMI,PEM.PROV,0,UNIT,2019
137,32,JAWA BARAT,3272,KOTA SUKABUMI,PEM.KAB/KOTA,2,UNIT,2019
138,32,JAWA BARAT,3272,KOTA SUKABUMI,TNI/POLRI,1,UNIT,2019
139,32,JAWA BARAT,3272,KOTA SUKABUMI,BUMN,0,UNIT,2019
140,32,JAWA BARAT,3272,KOTA SUKABUMI,SWASTA,3,UNIT,2019
141,32,JAWA BARAT,3273,KOTA BANDUNG,KEMENKES,1,UNIT,2019
142,32,JAWA BARAT,3273,KOTA BANDUNG,KEMENTERIAN LAIN,0,UNIT,2019
143,32,JAWA BARAT,3273,KOTA BANDUNG,PEM.PROV,0,UNIT,2019
144,32,JAWA BARAT,3273,KOTA BANDUNG,PEM.KAB/KOTA,1,UNIT,2019
145,32,JAWA BARAT,3273,KOTA BANDUNG,TNI/POLRI,3,UNIT,2019
146,32,JAWA BARAT,3273,KOTA BANDUNG,BUMN,1,UNIT,2019
147,32,JAWA BARAT,3273,KOTA BANDUNG,SWASTA,14,UNIT,2019
148,32,JAWA BARAT,3274,KOTA CIREBON,KEMENKES,0,UNIT,2019
149,32,JAWA BARAT,3274,KOTA CIREBON,KEMENTERIAN LAIN,0,UNIT,2019
150,32,JAWA BARAT,3274,KOTA CIREBON,PEM.PROV,0,UNIT,2019
151,32,JAWA BARAT,3274,KOTA CIREBON,PEM.KAB/KOTA,1,UNIT,2019
152,32,JAWA BARAT,3274,KOTA CIREBON,TNI/POLRI,1,UNIT,2019
153,32,JAWA BARAT,3274,KOTA CIREBON,BUMN,1,UNIT,2019
154,32,JAWA BARAT,3274,KOTA CIREBON,SWASTA,6,UNIT,2019
155,32,JAWA BARAT,3275,KOTA BEKASI,KEMENKES,0,UNIT,2019
156,32,JAWA BARAT,3275,KOTA BEKASI,KEMENTERIAN LAIN,0,UNIT,2019
157,32,JAWA BARAT,3275,KOTA BEKASI,PEM.PROV,0,UNIT,2019
158,32,JAWA BARAT,3275,KOTA BEKASI,PEM.KAB/KOTA,4,UNIT,2019
159,32,JAWA BARAT,3275,KOTA BEKASI,TNI/POLRI,0,UNIT,2019
160,32,JAWA BARAT,3275,KOTA BEKASI,BUMN,0,UNIT,2019
161,32,JAWA BARAT,3275,KOTA BEKASI,SWASTA,38,UNIT,2019
162,32,JAWA BARAT,3276,KOTA DEPOK,KEMENKES,0,UNIT,2019
163,32,JAWA BARAT,3276,KOTA DEPOK,KEMENTERIAN LAIN,1,UNIT,2019
164,32,JAWA BARAT,3276,KOTA DEPOK,PEM.PROV,0,UNIT,2019
165,32,JAWA BARAT,3276,KOTA DEPOK,PEM.KAB/KOTA,1,UNIT,2019
166,32,JAWA BARAT,3276,KOTA DEPOK,TNI/POLRI,1,UNIT,2019
167,32,JAWA BARAT,3276,KOTA DEPOK,BUMN,0,UNIT,2019
168,32,JAWA BARAT,3276,KOTA DEPOK,SWASTA,15,UNIT,2019
169,32,JAWA BARAT,3277,KOTA CIMAHI,KEMENKES,0,UNIT,2019
170,32,JAWA BARAT,3277,KOTA CIMAHI,KEMENTERIAN LAIN,0,UNIT,2019
171,32,JAWA BARAT,3277,KOTA CIMAHI,PEM.PROV,0,UNIT,2019
172,32,JAWA BARAT,3277,KOTA CIMAHI,PEM.KAB/KOTA,1,UNIT,2019
173,32,JAWA BARAT,3277,KOTA CIMAHI,TNI/POLRI,1,UNIT,2019
174,32,JAWA BARAT,3277,KOTA CIMAHI,BUMN,0,UNIT,2019
175,32,JAWA BARAT,3277,KOTA CIMAHI,SWASTA,4,UNIT,2019
176,32,JAWA BARAT,3278,KOTA TASIKMALAYA,KEMENKES,0,UNIT,2019
177,32,JAWA BARAT,3278,KOTA TASIKMALAYA,KEMENTERIAN LAIN,0,UNIT,2019
178,32,JAWA BARAT,3278,KOTA TASIKMALAYA,PEM.PROV,0,UNIT,2019
179,32,JAWA BARAT,3278,KOTA TASIKMALAYA,PEM.KAB/KOTA,1,UNIT,2019
180,32,JAWA BARAT,3278,KOTA TASIKMALAYA,TNI/POLRI,0,UNIT,2019
181,32,JAWA BARAT,3278,KOTA TASIKMALAYA,BUMN,0,UNIT,2019
182,32,JAWA BARAT,3278,KOTA TASIKMALAYA,SWASTA,6,UNIT,2019
183,32,JAWA BARAT,3279,KOTA BANJAR,KEMENKES,0,UNIT,2019
184,32,JAWA BARAT,3279,KOTA BANJAR,KEMENTERIAN LAIN,0,UNIT,2019
185,32,JAWA BARAT,3279,KOTA BANJAR,PEM.PROV,0,UNIT,2019
186,32,JAWA BARAT,3279,KOTA BANJAR,PEM.KAB/KOTA,1,UNIT,2019
187,32,JAWA BARAT,3279,KOTA BANJAR,TNI/POLRI,0,UNIT,2019
188,32,JAWA BARAT,3279,KOTA BANJAR,BUMN,0,UNIT,2019
189,32,JAWA BARAT,3279,KOTA BANJAR,SWASTA,2,UNIT,2019
190,32,JAWA BARAT,3201,KABUPATEN BOGOR,KEMENKES,0,UNIT,2020
191,32,JAWA BARAT,3201,KABUPATEN BOGOR,KEMENTERIAN LAIN,0,UNIT,2020
192,32,JAWA BARAT,3201,KABUPATEN BOGOR,PEM.PROV,0,UNIT,2020
193,32,JAWA BARAT,3201,KABUPATEN BOGOR,PEM.KAB/KOTA,4,UNIT,2020
194,32,JAWA BARAT,3201,KABUPATEN BOGOR,TNI/POLRI,1,UNIT,2020
195,32,JAWA BARAT,3201,KABUPATEN BOGOR,BUMN,0,UNIT,2020
196,32,JAWA BARAT,3201,KABUPATEN BOGOR,SWASTA,19,UNIT,2020
197,32,JAWA BARAT,3202,KABUPATEN SUKABUMI,KEMENKES,0,UNIT,2020
198,32,JAWA BARAT,3202,KABUPATEN SUKABUMI,KEMENTERIAN LAIN,0,UNIT,2020
199,32,JAWA BARAT,3202,KABUPATEN SUKABUMI,PEM.PROV,1,UNIT,2020
200,32,JAWA BARAT,3202,KABUPATEN SUKABUMI,PEM.KAB/KOTA,3,UNIT,2020
201,32,JAWA BARAT,3202,KABUPATEN SUKABUMI,TNI/POLRI,0,UNIT,2020
202,32,JAWA BARAT,3202,KABUPATEN SUKABUMI,BUMN,0,UNIT,2020
203,32,JAWA BARAT,3202,KABUPATEN SUKABUMI,SWASTA,4,UNIT,2020
204,32,JAWA BARAT,3203,KABUPATEN CIANJUR,KEMENKES,0,UNIT,2020
205,32,JAWA BARAT,3203,KABUPATEN CIANJUR,KEMENTERIAN LAIN,0,UNIT,2020
206,32,JAWA BARAT,3203,KABUPATEN CIANJUR,PEM.PROV,0,UNIT,2020
207,32,JAWA BARAT,3203,KABUPATEN CIANJUR,PEM.KAB/KOTA,3,UNIT,2020
208,32,JAWA BARAT,3203,KABUPATEN CIANJUR,TNI/POLRI,1,UNIT,2020
209,32,JAWA BARAT,3203,KABUPATEN CIANJUR,BUMN,0,UNIT,2020
210,32,JAWA BARAT,3203,KABUPATEN CIANJUR,SWASTA,1,UNIT,2020
211,32,JAWA BARAT,3204,KABUPATEN BANDUNG,KEMENKES,0,UNIT,2020
212,32,JAWA BARAT,3204,KABUPATEN BANDUNG,KEMENTERIAN LAIN,0,UNIT,2020
213,32,JAWA BARAT,3204,KABUPATEN BANDUNG,PEM.PROV,2,UNIT,2020
214,32,JAWA BARAT,3204,KABUPATEN BANDUNG,PEM.KAB/KOTA,3,UNIT,2020
215,32,JAWA BARAT,3204,KABUPATEN BANDUNG,TNI/POLRI,1,UNIT,2020
216,32,JAWA BARAT,3204,KABUPATEN BANDUNG,BUMN,0,UNIT,2020
217,32,JAWA BARAT,3204,KABUPATEN BANDUNG,SWASTA,4,UNIT,2020
218,32,JAWA BARAT,3205,KABUPATEN GARUT,KEMENKES,0,UNIT,2020
219,32,JAWA BARAT,3205,KABUPATEN GARUT,KEMENTERIAN LAIN,0,UNIT,2020
220,32,JAWA BARAT,3205,KABUPATEN GARUT,PEM.PROV,1,UNIT,2020
221,32,JAWA BARAT,3205,KABUPATEN GARUT,PEM.KAB/KOTA,1,UNIT,2020
222,32,JAWA BARAT,3205,KABUPATEN GARUT,TNI/POLRI,1,UNIT,2020
223,32,JAWA BARAT,3205,KABUPATEN GARUT,BUMN,0,UNIT,2020
224,32,JAWA BARAT,3205,KABUPATEN GARUT,SWASTA,3,UNIT,2020
225,32,JAWA BARAT,3206,KABUPATEN TASIKMALAYA,KEMENKES,0,UNIT,2020
226,32,JAWA BARAT,3206,KABUPATEN TASIKMALAYA,KEMENTERIAN LAIN,0,UNIT,2020
227,32,JAWA BARAT,3206,KABUPATEN TASIKMALAYA,PEM.PROV,0,UNIT,2020
228,32,JAWA BARAT,3206,KABUPATEN TASIKMALAYA,PEM.KAB/KOTA,1,UNIT,2020
229,32,JAWA BARAT,3206,KABUPATEN TASIKMALAYA,TNI/POLRI,0,UNIT,2020
230,32,JAWA BARAT,3206,KABUPATEN TASIKMALAYA,BUMN,0,UNIT,2020
231,32,JAWA BARAT,3206,KABUPATEN TASIKMALAYA,SWASTA,0,UNIT,2020
232,32,JAWA BARAT,3207,KABUPATEN CIAMIS,KEMENKES,0,UNIT,2020
233,32,JAWA BARAT,3207,KABUPATEN CIAMIS,KEMENTERIAN LAIN,0,UNIT,2020
234,32,JAWA BARAT,3207,KABUPATEN CIAMIS,PEM.PROV,0,UNIT,2020
235,32,JAWA BARAT,3207,KABUPATEN CIAMIS,PEM.KAB/KOTA,1,UNIT,2020
236,32,JAWA BARAT,3207,KABUPATEN CIAMIS,TNI/POLRI,0,UNIT,2020
237,32,JAWA BARAT,3207,KABUPATEN CIAMIS,BUMN,0,UNIT,2020
238,32,JAWA BARAT,3207,KABUPATEN CIAMIS,SWASTA,3,UNIT,2020
239,32,JAWA BARAT,3208,KABUPATEN KUNINGAN,KEMENKES,0,UNIT,2020
240,32,JAWA BARAT,3208,KABUPATEN KUNINGAN,KEMENTERIAN LAIN,0,UNIT,2020
241,32,JAWA BARAT,3208,KABUPATEN KUNINGAN,PEM.PROV,0,UNIT,2020
242,32,JAWA BARAT,3208,KABUPATEN KUNINGAN,PEM.KAB/KOTA,2,UNIT,2020
243,32,JAWA BARAT,3208,KABUPATEN KUNINGAN,TNI/POLRI,0,UNIT,2020
244,32,JAWA BARAT,3208,KABUPATEN KUNINGAN,BUMN,0,UNIT,2020
245,32,JAWA BARAT,3208,KABUPATEN KUNINGAN,SWASTA,9,UNIT,2020
246,32,JAWA BARAT,3209,KABUPATEN CIREBON,KEMENKES,0,UNIT,2020
247,32,JAWA BARAT,3209,KABUPATEN CIREBON,KEMENTERIAN LAIN,0,UNIT,2020
248,32,JAWA BARAT,3209,KABUPATEN CIREBON,PEM.PROV,0,UNIT,2020
249,32,JAWA BARAT,3209,KABUPATEN CIREBON,PEM.KAB/KOTA,2,UNIT,2020
250,32,JAWA BARAT,3209,KABUPATEN CIREBON,TNI/POLRI,0,UNIT,2020
251,32,JAWA BARAT,3209,KABUPATEN CIREBON,BUMN,0,UNIT,2020
252,32,JAWA BARAT,3209,KABUPATEN CIREBON,SWASTA,7,UNIT,2020
253,32,JAWA BARAT,3210,KABUPATEN MAJALENGKA,KEMENKES,0,UNIT,2020
254,32,JAWA BARAT,3210,KABUPATEN MAJALENGKA,KEMENTERIAN LAIN,0,UNIT,2020
255,32,JAWA BARAT,3210,KABUPATEN MAJALENGKA,PEM.PROV,0,UNIT,2020
256,32,JAWA BARAT,3210,KABUPATEN MAJALENGKA,PEM.KAB/KOTA,2,UNIT,2020
257,32,JAWA BARAT,3210,KABUPATEN MAJALENGKA,TNI/POLRI,0,UNIT,2020
258,32,JAWA BARAT,3210,KABUPATEN MAJALENGKA,BUMN,0,UNIT,2020
259,32,JAWA BARAT,3210,KABUPATEN MAJALENGKA,SWASTA,0,UNIT,2020
260,32,JAWA BARAT,3211,KABUPATEN SUMEDANG,KEMENKES,0,UNIT,2020
261,32,JAWA BARAT,3211,KABUPATEN SUMEDANG,KEMENTERIAN LAIN,0,UNIT,2020
262,32,JAWA BARAT,3211,KABUPATEN SUMEDANG,PEM.PROV,0,UNIT,2020
263,32,JAWA BARAT,3211,KABUPATEN SUMEDANG,PEM.KAB/KOTA,1,UNIT,2020
264,32,JAWA BARAT,3211,KABUPATEN SUMEDANG,TNI/POLRI,0,UNIT,2020
265,32,JAWA BARAT,3211,KABUPATEN SUMEDANG,BUMN,0,UNIT,2020
266,32,JAWA BARAT,3211,KABUPATEN SUMEDANG,SWASTA,2,UNIT,2020
267,32,JAWA BARAT,3212,KABUPATEN INDRAMAYU,KEMENKES,0,UNIT,2020
268,32,JAWA BARAT,3212,KABUPATEN INDRAMAYU,KEMENTERIAN LAIN,0,UNIT,2020
269,32,JAWA BARAT,3212,KABUPATEN INDRAMAYU,PEM.PROV,0,UNIT,2020
270,32,JAWA BARAT,3212,KABUPATEN INDRAMAYU,PEM.KAB/KOTA,3,UNIT,2020
271,32,JAWA BARAT,3212,KABUPATEN INDRAMAYU,TNI/POLRI,1,UNIT,2020
272,32,JAWA BARAT,3212,KABUPATEN INDRAMAYU,BUMN,1,UNIT,2020
273,32,JAWA BARAT,3212,KABUPATEN INDRAMAYU,SWASTA,5,UNIT,2020
274,32,JAWA BARAT,3213,KABUPATEN SUBANG,KEMENKES,0,UNIT,2020
275,32,JAWA BARAT,3213,KABUPATEN SUBANG,KEMENTERIAN LAIN,0,UNIT,2020
276,32,JAWA BARAT,3213,KABUPATEN SUBANG,PEM.PROV,0,UNIT,2020
277,32,JAWA BARAT,3213,KABUPATEN SUBANG,PEM.KAB/KOTA,1,UNIT,2020
278,32,JAWA BARAT,3213,KABUPATEN SUBANG,TNI/POLRI,1,UNIT,2020
279,32,JAWA BARAT,3213,KABUPATEN SUBANG,BUMN,1,UNIT,2020
280,32,JAWA BARAT,3213,KABUPATEN SUBANG,SWASTA,4,UNIT,2020
281,32,JAWA BARAT,3214,KABUPATEN PURWAKARTA,KEMENKES,0,UNIT,2020
282,32,JAWA BARAT,3214,KABUPATEN PURWAKARTA,KEMENTERIAN LAIN,0,UNIT,2020
283,32,JAWA BARAT,3214,KABUPATEN PURWAKARTA,PEM.PROV,0,UNIT,2020
284,32,JAWA BARAT,3214,KABUPATEN PURWAKARTA,PEM.KAB/KOTA,1,UNIT,2020
285,32,JAWA BARAT,3214,KABUPATEN PURWAKARTA,TNI/POLRI,0,UNIT,2020
286,32,JAWA BARAT,3214,KABUPATEN PURWAKARTA,BUMN,0,UNIT,2020
287,32,JAWA BARAT,3214,KABUPATEN PURWAKARTA,SWASTA,8,UNIT,2020
288,32,JAWA BARAT,3215,KABUPATEN KARAWANG,KEMENKES,0,UNIT,2020
289,32,JAWA BARAT,3215,KABUPATEN KARAWANG,KEMENTERIAN LAIN,0,UNIT,2020
290,32,JAWA BARAT,3215,KABUPATEN KARAWANG,PEM.PROV,0,UNIT,2020
291,32,JAWA BARAT,3215,KABUPATEN KARAWANG,PEM.KAB/KOTA,1,UNIT,2020
292,32,JAWA BARAT,3215,KABUPATEN KARAWANG,TNI/POLRI,0,UNIT,2020
293,32,JAWA BARAT,3215,KABUPATEN KARAWANG,BUMN,0,UNIT,2020
294,32,JAWA BARAT,3215,KABUPATEN KARAWANG,SWASTA,20,UNIT,2020
295,32,JAWA BARAT,3216,KABUPATEN BEKASI,KEMENKES,0,UNIT,2020
296,32,JAWA BARAT,3216,KABUPATEN BEKASI,KEMENTERIAN LAIN,0,UNIT,2020
297,32,JAWA BARAT,3216,KABUPATEN BEKASI,PEM.PROV,0,UNIT,2020
298,32,JAWA BARAT,3216,KABUPATEN BEKASI,PEM.KAB/KOTA,2,UNIT,2020
299,32,JAWA BARAT,3216,KABUPATEN BEKASI,TNI/POLRI,0,UNIT,2020
300,32,JAWA BARAT,3216,KABUPATEN BEKASI,BUMN,0,UNIT,2020
301,32,JAWA BARAT,3216,KABUPATEN BEKASI,SWASTA,42,UNIT,2020
302,32,JAWA BARAT,3217,KABUPATEN BANDUNG BARAT,KEMENKES,0,UNIT,2020
303,32,JAWA BARAT,3217,KABUPATEN BANDUNG BARAT,KEMENTERIAN LAIN,0,UNIT,2020
304,32,JAWA BARAT,3217,KABUPATEN BANDUNG BARAT,PEM.PROV,0,UNIT,2020
305,32,JAWA BARAT,3217,KABUPATEN BANDUNG BARAT,PEM.KAB/KOTA,3,UNIT,2020
306,32,JAWA BARAT,3217,KABUPATEN BANDUNG BARAT,TNI/POLRI,0,UNIT,2020
307,32,JAWA BARAT,3217,KABUPATEN BANDUNG BARAT,BUMN,0,UNIT,2020
308,32,JAWA BARAT,3217,KABUPATEN BANDUNG BARAT,SWASTA,3,UNIT,2020
309,32,JAWA BARAT,3218,KABUPATEN PANGANDARAN,KEMENKES,0,UNIT,2020
310,32,JAWA BARAT,3218,KABUPATEN PANGANDARAN,KEMENTERIAN LAIN,0,UNIT,2020
311,32,JAWA BARAT,3218,KABUPATEN PANGANDARAN,PEM.PROV,0,UNIT,2020
312,32,JAWA BARAT,3218,KABUPATEN PANGANDARAN,PEM.KAB/KOTA,1,UNIT,2020
313,32,JAWA BARAT,3218,KABUPATEN PANGANDARAN,TNI/POLRI,0,UNIT,2020
314,32,JAWA BARAT,3218,KABUPATEN PANGANDARAN,BUMN,0,UNIT,2020
315,32,JAWA BARAT,3218,KABUPATEN PANGANDARAN,SWASTA,0,UNIT,2020
316,32,JAWA BARAT,3271,KOTA BOGOR,KEMENKES,0,UNIT,2020
317,32,JAWA BARAT,3271,KOTA BOGOR,KEMENTERIAN LAIN,0,UNIT,2020
318,32,JAWA BARAT,3271,KOTA BOGOR,PEM.PROV,0,UNIT,2020
319,32,JAWA BARAT,3271,KOTA BOGOR,PEM.KAB/KOTA,1,UNIT,2020
320,32,JAWA BARAT,3271,KOTA BOGOR,TNI/POLRI,2,UNIT,2020
321,32,JAWA BARAT,3271,KOTA BOGOR,BUMN,0,UNIT,2020
322,32,JAWA BARAT,3271,KOTA BOGOR,SWASTA,13,UNIT,2020
323,32,JAWA BARAT,3272,KOTA SUKABUMI,KEMENKES,0,UNIT,2020
324,32,JAWA BARAT,3272,KOTA SUKABUMI,KEMENTERIAN LAIN,0,UNIT,2020
325,32,JAWA BARAT,3272,KOTA SUKABUMI,PEM.PROV,0,UNIT,2020
326,32,JAWA BARAT,3272,KOTA SUKABUMI,PEM.KAB/KOTA,2,UNIT,2020
327,32,JAWA BARAT,3272,KOTA SUKABUMI,TNI/POLRI,1,UNIT,2020
328,32,JAWA BARAT,3272,KOTA SUKABUMI,BUMN,0,UNIT,2020
329,32,JAWA BARAT,3272,KOTA SUKABUMI,SWASTA,3,UNIT,2020
330,32,JAWA BARAT,3273,KOTA BANDUNG,KEMENKES,1,UNIT,2020
331,32,JAWA BARAT,3273,KOTA BANDUNG,KEMENTERIAN LAIN,0,UNIT,2020
332,32,JAWA BARAT,3273,KOTA BANDUNG,PEM.PROV,0,UNIT,2020
333,32,JAWA BARAT,3273,KOTA BANDUNG,PEM.KAB/KOTA,1,UNIT,2020
334,32,JAWA BARAT,3273,KOTA BANDUNG,TNI/POLRI,3,UNIT,2020
335,32,JAWA BARAT,3273,KOTA BANDUNG,BUMN,0,UNIT,2020
336,32,JAWA BARAT,3273,KOTA BANDUNG,SWASTA,16,UNIT,2020
337,32,JAWA BARAT,3274,KOTA CIREBON,KEMENKES,0,UNIT,2020
338,32,JAWA BARAT,3274,KOTA CIREBON,KEMENTERIAN LAIN,0,UNIT,2020
339,32,JAWA BARAT,3274,KOTA CIREBON,PEM.PROV,0,UNIT,2020
340,32,JAWA BARAT,3274,KOTA CIREBON,PEM.KAB/KOTA,1,UNIT,2020
341,32,JAWA BARAT,3274,KOTA CIREBON,TNI/POLRI,1,UNIT,2020
342,32,JAWA BARAT,3274,KOTA CIREBON,BUMN,1,UNIT,2020
343,32,JAWA BARAT,3274,KOTA CIREBON,SWASTA,6,UNIT,2020
344,32,JAWA BARAT,3275,KOTA BEKASI,KEMENKES,0,UNIT,2020
345,32,JAWA BARAT,3275,KOTA BEKASI,KEMENTERIAN LAIN,0,UNIT,2020
346,32,JAWA BARAT,3275,KOTA BEKASI,PEM.PROV,0,UNIT,2020
347,32,JAWA BARAT,3275,KOTA BEKASI,PEM.KAB/KOTA,4,UNIT,2020
348,32,JAWA BARAT,3275,KOTA BEKASI,TNI/POLRI,0,UNIT,2020
349,32,JAWA BARAT,3275,KOTA BEKASI,BUMN,0,UNIT,2020
350,32,JAWA BARAT,3275,KOTA BEKASI,SWASTA,39,UNIT,2020
351,32,JAWA BARAT,3276,KOTA DEPOK,KEMENKES,0,UNIT,2020
352,32,JAWA BARAT,3276,KOTA DEPOK,KEMENTERIAN LAIN,1,UNIT,2020
353,32,JAWA BARAT,3276,KOTA DEPOK,PEM.PROV,0,UNIT,2020
354,32,JAWA BARAT,3276,KOTA DEPOK,PEM.KAB/KOTA,1,UNIT,2020
355,32,JAWA BARAT,3276,KOTA DEPOK,TNI/POLRI,1,UNIT,2020
356,32,JAWA BARAT,3276,KOTA DEPOK,BUMN,0,UNIT,2020
357,32,JAWA BARAT,3276,KOTA DEPOK,SWASTA,16,UNIT,2020
358,32,JAWA BARAT,3277,KOTA CIMAHI,KEMENKES,0,UNIT,2020
359,32,JAWA BARAT,3277,KOTA CIMAHI,KEMENTERIAN LAIN,0,UNIT,2020
360,32,JAWA BARAT,3277,KOTA CIMAHI,PEM.PROV,0,UNIT,2020
361,32,JAWA BARAT,3277,KOTA CIMAHI,PEM.KAB/KOTA,1,UNIT,2020
362,32,JAWA BARAT,3277,KOTA CIMAHI,TNI/POLRI,1,UNIT,2020
363,32,JAWA BARAT,3277,KOTA CIMAHI,BUMN,0,UNIT,2020
364,32,JAWA BARAT,3277,KOTA CIMAHI,SWASTA,4,UNIT,2020
365,32,JAWA BARAT,3278,KOTA TASIKMALAYA,KEMENKES,0,UNIT,2020
366,32,JAWA BARAT,3278,KOTA TASIKMALAYA,KEMENTERIAN LAIN,0,UNIT,2020
367,32,JAWA BARAT,3278,KOTA TASIKMALAYA,PEM.PROV,0,UNIT,2020
368,32,JAWA BARAT,3278,KOTA TASIKMALAYA,PEM.KAB/KOTA,1,UNIT,2020
369,32,JAWA BARAT,3278,KOTA TASIKMALAYA,TNI/POLRI,0,UNIT,2020
370,32,JAWA BARAT,3278,KOTA TASIKMALAYA,BUMN,0,UNIT,2020
371,32,JAWA BARAT,3278,KOTA TASIKMALAYA,SWASTA,6,UNIT,2020
372,32,JAWA BARAT,3279,KOTA BANJAR,KEMENKES,0,UNIT,2020
373,32,JAWA BARAT,3279,KOTA BANJAR,KEMENTERIAN LAIN,0,UNIT,2020
374,32,JAWA BARAT,3279,KOTA BANJAR,PEM.PROV,0,UNIT,2020
375,32,JAWA BARAT,3279,KOTA BANJAR,PEM.KAB/KOTA,1,UNIT,2020
376,32,JAWA BARAT,3279,KOTA BANJAR,TNI/POLRI,0,UNIT,2020
377,32,JAWA BARAT,3279,KOTA BANJAR,BUMN,0,UNIT,2020
378,32,JAWA BARAT,3279,KOTA BANJAR,SWASTA,2,UNIT,2020
379,32,JAWA BARAT,3201,KABUPATEN BOGOR,KEMENKES,1,UNIT,2021
380,32,JAWA BARAT,3201,KABUPATEN BOGOR,KEMENTERIAN LAIN,0,UNIT,2021
381,32,JAWA BARAT,3201,KABUPATEN BOGOR,PEM.PROV,0,UNIT,2021
382,32,JAWA BARAT,3201,KABUPATEN BOGOR,PEM.KAB/KOTA,4,UNIT,2021
383,32,JAWA BARAT,3201,KABUPATEN BOGOR,TNI/POLRI,1,UNIT,2021
384,32,JAWA BARAT,3201,KABUPATEN BOGOR,BUMN,0,UNIT,2021
385,32,JAWA BARAT,3201,KABUPATEN BOGOR,SWASTA,19,UNIT,2021
386,32,JAWA BARAT,3202,KABUPATEN SUKABUMI,KEMENKES,0,UNIT,2021
387,32,JAWA BARAT,3202,KABUPATEN SUKABUMI,KEMENTERIAN LAIN,0,UNIT,2021
388,32,JAWA BARAT,3202,KABUPATEN SUKABUMI,PEM.PROV,1,UNIT,2021
389,32,JAWA BARAT,3202,KABUPATEN SUKABUMI,PEM.KAB/KOTA,3,UNIT,2021
390,32,JAWA BARAT,3202,KABUPATEN SUKABUMI,TNI/POLRI,0,UNIT,2021
391,32,JAWA BARAT,3202,KABUPATEN SUKABUMI,BUMN,0,UNIT,2021
392,32,JAWA BARAT,3202,KABUPATEN SUKABUMI,SWASTA,5,UNIT,2021
393,32,JAWA BARAT,3203,KABUPATEN CIANJUR,KEMENKES,0,UNIT,2021
394,32,JAWA BARAT,3203,KABUPATEN CIANJUR,KEMENTERIAN LAIN,0,UNIT,2021
395,32,JAWA BARAT,3203,KABUPATEN CIANJUR,PEM.PROV,0,UNIT,2021
396,32,JAWA BARAT,3203,KABUPATEN CIANJUR,PEM.KAB/KOTA,3,UNIT,2021
397,32,JAWA BARAT,3203,KABUPATEN CIANJUR,TNI/POLRI,1,UNIT,2021
398,32,JAWA BARAT,3203,KABUPATEN CIANJUR,BUMN,0,UNIT,2021
399,32,JAWA BARAT,3203,KABUPATEN CIANJUR,SWASTA,1,UNIT,2021
400,32,JAWA BARAT,3204,KABUPATEN BANDUNG,KEMENKES,0,UNIT,2021
401,32,JAWA BARAT,3204,KABUPATEN BANDUNG,KEMENTERIAN LAIN,0,UNIT,2021
402,32,JAWA BARAT,3204,KABUPATEN BANDUNG,PEM.PROV,2,UNIT,2021
403,32,JAWA BARAT,3204,KABUPATEN BANDUNG,PEM.KAB/KOTA,3,UNIT,2021
404,32,JAWA BARAT,3204,KABUPATEN BANDUNG,TNI/POLRI,1,UNIT,2021
405,32,JAWA BARAT,3204,KABUPATEN BANDUNG,BUMN,0,UNIT,2021
406,32,JAWA BARAT,3204,KABUPATEN BANDUNG,SWASTA,4,UNIT,2021
407,32,JAWA BARAT,3205,KABUPATEN GARUT,KEMENKES,0,UNIT,2021
408,32,JAWA BARAT,3205,KABUPATEN GARUT,KEMENTERIAN LAIN,0,UNIT,2021
409,32,JAWA BARAT,3205,KABUPATEN GARUT,PEM.PROV,0,UNIT,2021
410,32,JAWA BARAT,3205,KABUPATEN GARUT,PEM.KAB/KOTA,1,UNIT,2021
411,32,JAWA BARAT,3205,KABUPATEN GARUT,TNI/POLRI,1,UNIT,2021
412,32,JAWA BARAT,3205,KABUPATEN GARUT,BUMN,0,UNIT,2021
413,32,JAWA BARAT,3205,KABUPATEN GARUT,SWASTA,4,UNIT,2021
414,32,JAWA BARAT,3206,KABUPATEN TASIKMALAYA,KEMENKES,0,UNIT,2021
415,32,JAWA BARAT,3206,KABUPATEN TASIKMALAYA,KEMENTERIAN LAIN,0,UNIT,2021
416,32,JAWA BARAT,3206,KABUPATEN TASIKMALAYA,PEM.PROV,0,UNIT,2021
417,32,JAWA BARAT,3206,KABUPATEN TASIKMALAYA,PEM.KAB/KOTA,1,UNIT,2021
418,32,JAWA BARAT,3206,KABUPATEN TASIKMALAYA,TNI/POLRI,0,UNIT,2021
419,32,JAWA BARAT,3206,KABUPATEN TASIKMALAYA,BUMN,0,UNIT,2021
420,32,JAWA BARAT,3206,KABUPATEN TASIKMALAYA,SWASTA,0,UNIT,2021
421,32,JAWA BARAT,3207,KABUPATEN CIAMIS,KEMENKES,0,UNIT,2021
422,32,JAWA BARAT,3207,KABUPATEN CIAMIS,KEMENTERIAN LAIN,0,UNIT,2021
423,32,JAWA BARAT,3207,KABUPATEN CIAMIS,PEM.PROV,0,UNIT,2021
424,32,JAWA BARAT,3207,KABUPATEN CIAMIS,PEM.KAB/KOTA,2,UNIT,2021
425,32,JAWA BARAT,3207,KABUPATEN CIAMIS,TNI/POLRI,0,UNIT,2021
426,32,JAWA BARAT,3207,KABUPATEN CIAMIS,BUMN,0,UNIT,2021
427,32,JAWA BARAT,3207,KABUPATEN CIAMIS,SWASTA,3,UNIT,2021
428,32,JAWA BARAT,3208,KABUPATEN KUNINGAN,KEMENKES,0,UNIT,2021
429,32,JAWA BARAT,3208,KABUPATEN KUNINGAN,KEMENTERIAN LAIN,0,UNIT,2021
430,32,JAWA BARAT,3208,KABUPATEN KUNINGAN,PEM.PROV,0,UNIT,2021
431,32,JAWA BARAT,3208,KABUPATEN KUNINGAN,PEM.KAB/KOTA,2,UNIT,2021
432,32,JAWA BARAT,3208,KABUPATEN KUNINGAN,TNI/POLRI,0,UNIT,2021
433,32,JAWA BARAT,3208,KABUPATEN KUNINGAN,BUMN,0,UNIT,2021
434,32,JAWA BARAT,3208,KABUPATEN KUNINGAN,SWASTA,9,UNIT,2021
435,32,JAWA BARAT,3209,KABUPATEN CIREBON,KEMENKES,0,UNIT,2021
436,32,JAWA BARAT,3209,KABUPATEN CIREBON,KEMENTERIAN LAIN,0,UNIT,2021
437,32,JAWA BARAT,3209,KABUPATEN CIREBON,PEM.PROV,0,UNIT,2021
438,32,JAWA BARAT,3209,KABUPATEN CIREBON,PEM.KAB/KOTA,2,UNIT,2021
439,32,JAWA BARAT,3209,KABUPATEN CIREBON,TNI/POLRI,0,UNIT,2021
440,32,JAWA BARAT,3209,KABUPATEN CIREBON,BUMN,0,UNIT,2021
441,32,JAWA BARAT,3209,KABUPATEN CIREBON,SWASTA,8,UNIT,2021
442,32,JAWA BARAT,3210,KABUPATEN MAJALENGKA,KEMENKES,0,UNIT,2021
443,32,JAWA BARAT,3210,KABUPATEN MAJALENGKA,KEMENTERIAN LAIN,0,UNIT,2021
444,32,JAWA BARAT,3210,KABUPATEN MAJALENGKA,PEM.PROV,0,UNIT,2021
445,32,JAWA BARAT,3210,KABUPATEN MAJALENGKA,PEM.KAB/KOTA,2,UNIT,2021
446,32,JAWA BARAT,3210,KABUPATEN MAJALENGKA,TNI/POLRI,0,UNIT,2021
447,32,JAWA BARAT,3210,KABUPATEN MAJALENGKA,BUMN,0,UNIT,2021
448,32,JAWA BARAT,3210,KABUPATEN MAJALENGKA,SWASTA,1,UNIT,2021
449,32,JAWA BARAT,3211,KABUPATEN SUMEDANG,KEMENKES,0,UNIT,2021
450,32,JAWA BARAT,3211,KABUPATEN SUMEDANG,KEMENTERIAN LAIN,0,UNIT,2021
451,32,JAWA BARAT,3211,KABUPATEN SUMEDANG,PEM.PROV,0,UNIT,2021
452,32,JAWA BARAT,3211,KABUPATEN SUMEDANG,PEM.KAB/KOTA,1,UNIT,2021
453,32,JAWA BARAT,3211,KABUPATEN SUMEDANG,TNI/POLRI,0,UNIT,2021
454,32,JAWA BARAT,3211,KABUPATEN SUMEDANG,BUMN,0,UNIT,2021
455,32,JAWA BARAT,3211,KABUPATEN SUMEDANG,SWASTA,2,UNIT,2021
456,32,JAWA BARAT,3212,KABUPATEN INDRAMAYU,KEMENKES,0,UNIT,2021
457,32,JAWA BARAT,3212,KABUPATEN INDRAMAYU,KEMENTERIAN LAIN,0,UNIT,2021
458,32,JAWA BARAT,3212,KABUPATEN INDRAMAYU,PEM.PROV,0,UNIT,2021
459,32,JAWA BARAT,3212,KABUPATEN INDRAMAYU,PEM.KAB/KOTA,3,UNIT,2021
460,32,JAWA BARAT,3212,KABUPATEN INDRAMAYU,TNI/POLRI,1,UNIT,2021
461,32,JAWA BARAT,3212,KABUPATEN INDRAMAYU,BUMN,1,UNIT,2021
462,32,JAWA BARAT,3212,KABUPATEN INDRAMAYU,SWASTA,4,UNIT,2021
463,32,JAWA BARAT,3213,KABUPATEN SUBANG,KEMENKES,0,UNIT,2021
464,32,JAWA BARAT,3213,KABUPATEN SUBANG,KEMENTERIAN LAIN,0,UNIT,2021
465,32,JAWA BARAT,3213,KABUPATEN SUBANG,PEM.PROV,0,UNIT,2021
466,32,JAWA BARAT,3213,KABUPATEN SUBANG,PEM.KAB/KOTA,1,UNIT,2021
467,32,JAWA BARAT,3213,KABUPATEN SUBANG,TNI/POLRI,1,UNIT,2021
468,32,JAWA BARAT,3213,KABUPATEN SUBANG,BUMN,1,UNIT,2021
469,32,JAWA BARAT,3213,KABUPATEN SUBANG,SWASTA,5,UNIT,2021
470,32,JAWA BARAT,3214,KABUPATEN PURWAKARTA,KEMENKES,0,UNIT,2021
471,32,JAWA BARAT,3214,KABUPATEN PURWAKARTA,KEMENTERIAN LAIN,0,UNIT,2021
472,32,JAWA BARAT,3214,KABUPATEN PURWAKARTA,PEM.PROV,0,UNIT,2021
473,32,JAWA BARAT,3214,KABUPATEN PURWAKARTA,PEM.KAB/KOTA,1,UNIT,2021
474,32,JAWA BARAT,3214,KABUPATEN PURWAKARTA,TNI/POLRI,0,UNIT,2021
475,32,JAWA BARAT,3214,KABUPATEN PURWAKARTA,BUMN,0,UNIT,2021
476,32,JAWA BARAT,3214,KABUPATEN PURWAKARTA,SWASTA,9,UNIT,2021
477,32,JAWA BARAT,3215,KABUPATEN KARAWANG,KEMENKES,0,UNIT,2021
478,32,JAWA BARAT,3215,KABUPATEN KARAWANG,KEMENTERIAN LAIN,0,UNIT,2021
479,32,JAWA BARAT,3215,KABUPATEN KARAWANG,PEM.PROV,0,UNIT,2021
480,32,JAWA BARAT,3215,KABUPATEN KARAWANG,PEM.KAB/KOTA,1,UNIT,2021
481,32,JAWA BARAT,3215,KABUPATEN KARAWANG,TNI/POLRI,0,UNIT,2021
482,32,JAWA BARAT,3215,KABUPATEN KARAWANG,BUMN,0,UNIT,2021
483,32,JAWA BARAT,3215,KABUPATEN KARAWANG,SWASTA,21,UNIT,2021
484,32,JAWA BARAT,3216,KABUPATEN BEKASI,KEMENKES,0,UNIT,2021
485,32,JAWA BARAT,3216,KABUPATEN BEKASI,KEMENTERIAN LAIN,0,UNIT,2021
486,32,JAWA BARAT,3216,KABUPATEN BEKASI,PEM.PROV,0,UNIT,2021
487,32,JAWA BARAT,3216,KABUPATEN BEKASI,PEM.KAB/KOTA,2,UNIT,2021
488,32,JAWA BARAT,3216,KABUPATEN BEKASI,TNI/POLRI,0,UNIT,2021
489,32,JAWA BARAT,3216,KABUPATEN BEKASI,BUMN,0,UNIT,2021
490,32,JAWA BARAT,3216,KABUPATEN BEKASI,SWASTA,46,UNIT,2021
491,32,JAWA BARAT,3217,KABUPATEN BANDUNG BARAT,KEMENKES,0,UNIT,2021
492,32,JAWA BARAT,3217,KABUPATEN BANDUNG BARAT,KEMENTERIAN LAIN,0,UNIT,2021
493,32,JAWA BARAT,3217,KABUPATEN BANDUNG BARAT,PEM.PROV,0,UNIT,2021
494,32,JAWA BARAT,3217,KABUPATEN BANDUNG BARAT,PEM.KAB/KOTA,3,UNIT,2021
495,32,JAWA BARAT,3217,KABUPATEN BANDUNG BARAT,TNI/POLRI,0,UNIT,2021
496,32,JAWA BARAT,3217,KABUPATEN BANDUNG BARAT,BUMN,0,UNIT,2021
497,32,JAWA BARAT,3217,KABUPATEN BANDUNG BARAT,SWASTA,3,UNIT,2021
498,32,JAWA BARAT,3218,KABUPATEN PANGANDARAN,KEMENKES,0,UNIT,2021
499,32,JAWA BARAT,3218,KABUPATEN PANGANDARAN,KEMENTERIAN LAIN,0,UNIT,2021
500,32,JAWA BARAT,3218,KABUPATEN PANGANDARAN,PEM.PROV,0,UNIT,2021
501,32,JAWA BARAT,3218,KABUPATEN PANGANDARAN,PEM.KAB/KOTA,1,UNIT,2021
502,32,JAWA BARAT,3218,KABUPATEN PANGANDARAN,TNI/POLRI,0,UNIT,2021
503,32,JAWA BARAT,3218,KABUPATEN PANGANDARAN,BUMN,0,UNIT,2021
504,32,JAWA BARAT,3218,KABUPATEN PANGANDARAN,SWASTA,0,UNIT,2021
505,32,JAWA BARAT,3271,KOTA BOGOR,KEMENKES,0,UNIT,2021
506,32,JAWA BARAT,3271,KOTA BOGOR,KEMENTERIAN LAIN,0,UNIT,2021
507,32,JAWA BARAT,3271,KOTA BOGOR,PEM.PROV,0,UNIT,2021
508,32,JAWA BARAT,3271,KOTA BOGOR,PEM.KAB/KOTA,1,UNIT,2021
509,32,JAWA BARAT,3271,KOTA BOGOR,TNI/POLRI,2,UNIT,2021
510,32,JAWA BARAT,3271,KOTA BOGOR,BUMN,0,UNIT,2021
511,32,JAWA BARAT,3271,KOTA BOGOR,SWASTA,14,UNIT,2021
512,32,JAWA BARAT,3272,KOTA SUKABUMI,KEMENKES,0,UNIT,2021
513,32,JAWA BARAT,3272,KOTA SUKABUMI,KEMENTERIAN LAIN,0,UNIT,2021
514,32,JAWA BARAT,3272,KOTA SUKABUMI,PEM.PROV,0,UNIT,2021
515,32,JAWA BARAT,3272,KOTA SUKABUMI,PEM.KAB/KOTA,2,UNIT,2021
516,32,JAWA BARAT,3272,KOTA SUKABUMI,TNI/POLRI,1,UNIT,2021
517,32,JAWA BARAT,3272,KOTA SUKABUMI,BUMN,0,UNIT,2021
518,32,JAWA BARAT,3272,KOTA SUKABUMI,SWASTA,3,UNIT,2021
519,32,JAWA BARAT,3273,KOTA BANDUNG,KEMENKES,1,UNIT,2021
520,32,JAWA BARAT,3273,KOTA BANDUNG,KEMENTERIAN LAIN,0,UNIT,2021
521,32,JAWA BARAT,3273,KOTA BANDUNG,PEM.PROV,0,UNIT,2021
522,32,JAWA BARAT,3273,KOTA BANDUNG,PEM.KAB/KOTA,1,UNIT,2021
523,32,JAWA BARAT,3273,KOTA BANDUNG,TNI/POLRI,3,UNIT,2021
524,32,JAWA BARAT,3273,KOTA BANDUNG,BUMN,0,UNIT,2021
525,32,JAWA BARAT,3273,KOTA BANDUNG,SWASTA,17,UNIT,2021
526,32,JAWA BARAT,3274,KOTA CIREBON,KEMENKES,0,UNIT,2021
527,32,JAWA BARAT,3274,KOTA CIREBON,KEMENTERIAN LAIN,0,UNIT,2021
528,32,JAWA BARAT,3274,KOTA CIREBON,PEM.PROV,0,UNIT,2021
529,32,JAWA BARAT,3274,KOTA CIREBON,PEM.KAB/KOTA,1,UNIT,2021
530,32,JAWA BARAT,3274,KOTA CIREBON,TNI/POLRI,1,UNIT,2021
531,32,JAWA BARAT,3274,KOTA CIREBON,BUMN,0,UNIT,2021
532,32,JAWA BARAT,3274,KOTA CIREBON,SWASTA,7,UNIT,2021
533,32,JAWA BARAT,3275,KOTA BEKASI,KEMENKES,0,UNIT,2021
534,32,JAWA BARAT,3275,KOTA BEKASI,KEMENTERIAN LAIN,0,UNIT,2021
535,32,JAWA BARAT,3275,KOTA BEKASI,PEM.PROV,0,UNIT,2021
536,32,JAWA BARAT,3275,KOTA BEKASI,PEM.KAB/KOTA,5,UNIT,2021
537,32,JAWA BARAT,3275,KOTA BEKASI,TNI/POLRI,0,UNIT,2021
538,32,JAWA BARAT,3275,KOTA BEKASI,BUMN,0,UNIT,2021
539,32,JAWA BARAT,3275,KOTA BEKASI,SWASTA,39,UNIT,2021
540,32,JAWA BARAT,3276,KOTA DEPOK,KEMENKES,0,UNIT,2021
541,32,JAWA BARAT,3276,KOTA DEPOK,KEMENTERIAN LAIN,1,UNIT,2021
542,32,JAWA BARAT,3276,KOTA DEPOK,PEM.PROV,0,UNIT,2021
543,32,JAWA BARAT,3276,KOTA DEPOK,PEM.KAB/KOTA,1,UNIT,2021
544,32,JAWA BARAT,3276,KOTA DEPOK,TNI/POLRI,1,UNIT,2021
545,32,JAWA BARAT,3276,KOTA DEPOK,BUMN,0,UNIT,2021
546,32,JAWA BARAT,3276,KOTA DEPOK,SWASTA,17,UNIT,2021
547,32,JAWA BARAT,3277,KOTA CIMAHI,KEMENKES,0,UNIT,2021
548,32,JAWA BARAT,3277,KOTA CIMAHI,KEMENTERIAN LAIN,0,UNIT,2021
549,32,JAWA BARAT,3277,KOTA CIMAHI,PEM.PROV,0,UNIT,2021
550,32,JAWA BARAT,3277,KOTA CIMAHI,PEM.KAB/KOTA,1,UNIT,2021
551,32,JAWA BARAT,3277,KOTA CIMAHI,TNI/POLRI,1,UNIT,2021
552,32,JAWA BARAT,3277,KOTA CIMAHI,BUMN,0,UNIT,2021
553,32,JAWA BARAT,3277,KOTA CIMAHI,SWASTA,5,UNIT,2021
554,32,JAWA BARAT,3278,KOTA TASIKMALAYA,KEMENKES,0,UNIT,2021
555,32,JAWA BARAT,3278,KOTA TASIKMALAYA,KEMENTERIAN LAIN,0,UNIT,2021
556,32,JAWA BARAT,3278,KOTA TASIKMALAYA,PEM.PROV,0,UNIT,2021
557,32,JAWA BARAT,3278,KOTA TASIKMALAYA,PEM.KAB/KOTA,1,UNIT,2021
558,32,JAWA BARAT,3278,KOTA TASIKMALAYA,TNI/POLRI,0,UNIT,2021
559,32,JAWA BARAT,3278,KOTA TASIKMALAYA,BUMN,0,UNIT,2021
560,32,JAWA BARAT,3278,KOTA TASIKMALAYA,SWASTA,6,UNIT,2021
561,32,JAWA BARAT,3279,KOTA BANJAR,KEMENKES,0,UNIT,2021
562,32,JAWA BARAT,3279,KOTA BANJAR,KEMENTERIAN LAIN,0,UNIT,2021
563,32,JAWA BARAT,3279,KOTA BANJAR,PEM.PROV,0,UNIT,2021
564,32,JAWA BARAT,3279,KOTA BANJAR,PEM.KAB/KOTA,2,UNIT,2021
565,32,JAWA BARAT,3279,KOTA BANJAR,TNI/POLRI,0,UNIT,2021
566,32,JAWA BARAT,3279,KOTA BANJAR,BUMN,0,UNIT,2021
567,32,JAWA BARAT,3279,KOTA BANJAR,SWASTA,2,UNIT,2021
568,32,JAWA BARAT,3201,KABUPATEN BOGOR,KEMENKES,0,UNIT,2022
569,32,JAWA BARAT,3201,KABUPATEN BOGOR,PEM.PROV,0,UNIT,2022
570,32,JAWA BARAT,3201,KABUPATEN BOGOR,PEM.KAB/KOTA,4,UNIT,2022
571,32,JAWA BARAT,3201,KABUPATEN BOGOR,TNI/POLRI,1,UNIT,2022
572,32,JAWA BARAT,3201,KABUPATEN BOGOR,BUMN,0,UNIT,2022
573,32,JAWA BARAT,3201,KABUPATEN BOGOR,SWASTA,19,UNIT,2022
574,32,JAWA BARAT,3201,KABUPATEN BOGOR,ORGANISASI KEMASYARAKATAN,1,UNIT,2022
575,32,JAWA BARAT,3202,KABUPATEN SUKABUMI,KEMENKES,0,UNIT,2022
576,32,JAWA BARAT,3202,KABUPATEN SUKABUMI,PEM.PROV,1,UNIT,2022
577,32,JAWA BARAT,3202,KABUPATEN SUKABUMI,PEM.KAB/KOTA,3,UNIT,2022
578,32,JAWA BARAT,3202,KABUPATEN SUKABUMI,TNI/POLRI,0,UNIT,2022
579,32,JAWA BARAT,3202,KABUPATEN SUKABUMI,BUMN,0,UNIT,2022
580,32,JAWA BARAT,3202,KABUPATEN SUKABUMI,SWASTA,5,UNIT,2022
581,32,JAWA BARAT,3202,KABUPATEN SUKABUMI,ORGANISASI KEMASYARAKATAN,0,UNIT,2022
582,32,JAWA BARAT,3203,KABUPATEN CIANJUR,KEMENKES,0,UNIT,2022
583,32,JAWA BARAT,3203,KABUPATEN CIANJUR,PEM.PROV,0,UNIT,2022
584,32,JAWA BARAT,3203,KABUPATEN CIANJUR,PEM.KAB/KOTA,3,UNIT,2022
585,32,JAWA BARAT,3203,KABUPATEN CIANJUR,TNI/POLRI,1,UNIT,2022
586,32,JAWA BARAT,3203,KABUPATEN CIANJUR,BUMN,0,UNIT,2022
587,32,JAWA BARAT,3203,KABUPATEN CIANJUR,SWASTA,1,UNIT,2022
588,32,JAWA BARAT,3203,KABUPATEN CIANJUR,ORGANISASI KEMASYARAKATAN,0,UNIT,2022
589,32,JAWA BARAT,3204,KABUPATEN BANDUNG,KEMENKES,0,UNIT,2022
590,32,JAWA BARAT,3204,KABUPATEN BANDUNG,PEM.PROV,2,UNIT,2022
591,32,JAWA BARAT,3204,KABUPATEN BANDUNG,PEM.KAB/KOTA,3,UNIT,2022
592,32,JAWA BARAT,3204,KABUPATEN BANDUNG,TNI/POLRI,1,UNIT,2022
593,32,JAWA BARAT,3204,KABUPATEN BANDUNG,BUMN,0,UNIT,2022
594,32,JAWA BARAT,3204,KABUPATEN BANDUNG,SWASTA,5,UNIT,2022
595,32,JAWA BARAT,3204,KABUPATEN BANDUNG,ORGANISASI KEMASYARAKATAN,0,UNIT,2022
596,32,JAWA BARAT,3205,KABUPATEN GARUT,KEMENKES,0,UNIT,2022
597,32,JAWA BARAT,3205,KABUPATEN GARUT,PEM.PROV,1,UNIT,2022
598,32,JAWA BARAT,3205,KABUPATEN GARUT,PEM.KAB/KOTA,1,UNIT,2022
599,32,JAWA BARAT,3205,KABUPATEN GARUT,TNI/POLRI,1,UNIT,2022
600,32,JAWA BARAT,3205,KABUPATEN GARUT,BUMN,0,UNIT,2022
601,32,JAWA BARAT,3205,KABUPATEN GARUT,SWASTA,4,UNIT,2022
602,32,JAWA BARAT,3205,KABUPATEN GARUT,ORGANISASI KEMASYARAKATAN,0,UNIT,2022
603,32,JAWA BARAT,3206,KABUPATEN TASIKMALAYA,KEMENKES,0,UNIT,2022
604,32,JAWA BARAT,3206,KABUPATEN TASIKMALAYA,PEM.PROV,0,UNIT,2022
605,32,JAWA BARAT,3206,KABUPATEN TASIKMALAYA,PEM.KAB/KOTA,1,UNIT,2022
606,32,JAWA BARAT,3206,KABUPATEN TASIKMALAYA,TNI/POLRI,0,UNIT,2022
607,32,JAWA BARAT,3206,KABUPATEN TASIKMALAYA,BUMN,0,UNIT,2022
608,32,JAWA BARAT,3206,KABUPATEN TASIKMALAYA,SWASTA,0,UNIT,2022
609,32,JAWA BARAT,3206,KABUPATEN TASIKMALAYA,ORGANISASI KEMASYARAKATAN,0,UNIT,2022
610,32,JAWA BARAT,3207,KABUPATEN CIAMIS,KEMENKES,0,UNIT,2022
611,32,JAWA BARAT,3207,KABUPATEN CIAMIS,PEM.PROV,0,UNIT,2022
612,32,JAWA BARAT,3207,KABUPATEN CIAMIS,PEM.KAB/KOTA,2,UNIT,2022
613,32,JAWA BARAT,3207,KABUPATEN CIAMIS,TNI/POLRI,0,UNIT,2022
614,32,JAWA BARAT,3207,KABUPATEN CIAMIS,BUMN,0,UNIT,2022
615,32,JAWA BARAT,3207,KABUPATEN CIAMIS,SWASTA,3,UNIT,2022
616,32,JAWA BARAT,3207,KABUPATEN CIAMIS,ORGANISASI KEMASYARAKATAN,0,UNIT,2022
617,32,JAWA BARAT,3208,KABUPATEN KUNINGAN,KEMENKES,0,UNIT,2022
618,32,JAWA BARAT,3208,KABUPATEN KUNINGAN,PEM.PROV,0,UNIT,2022
619,32,JAWA BARAT,3208,KABUPATEN KUNINGAN,PEM.KAB/KOTA,2,UNIT,2022
620,32,JAWA BARAT,3208,KABUPATEN KUNINGAN,TNI/POLRI,0,UNIT,2022
621,32,JAWA BARAT,3208,KABUPATEN KUNINGAN,BUMN,0,UNIT,2022
622,32,JAWA BARAT,3208,KABUPATEN KUNINGAN,SWASTA,2,UNIT,2022
623,32,JAWA BARAT,3208,KABUPATEN KUNINGAN,ORGANISASI KEMASYARAKATAN,7,UNIT,2022
624,32,JAWA BARAT,3209,KABUPATEN CIREBON,KEMENKES,0,UNIT,2022
625,32,JAWA BARAT,3209,KABUPATEN CIREBON,PEM.PROV,0,UNIT,2022
626,32,JAWA BARAT,3209,KABUPATEN CIREBON,PEM.KAB/KOTA,2,UNIT,2022
627,32,JAWA BARAT,3209,KABUPATEN CIREBON,TNI/POLRI,0,UNIT,2022
628,32,JAWA BARAT,3209,KABUPATEN CIREBON,BUMN,0,UNIT,2022
629,32,JAWA BARAT,3209,KABUPATEN CIREBON,SWASTA,8,UNIT,2022
630,32,JAWA BARAT,3209,KABUPATEN CIREBON,ORGANISASI KEMASYARAKATAN,0,UNIT,2022
631,32,JAWA BARAT,3210,KABUPATEN MAJALENGKA,KEMENKES,0,UNIT,2022
632,32,JAWA BARAT,3210,KABUPATEN MAJALENGKA,PEM.PROV,0,UNIT,2022
633,32,JAWA BARAT,3210,KABUPATEN MAJALENGKA,PEM.KAB/KOTA,2,UNIT,2022
634,32,JAWA BARAT,3210,KABUPATEN MAJALENGKA,TNI/POLRI,0,UNIT,2022
635,32,JAWA BARAT,3210,KABUPATEN MAJALENGKA,BUMN,0,UNIT,2022
636,32,JAWA BARAT,3210,KABUPATEN MAJALENGKA,SWASTA,1,UNIT,2022
637,32,JAWA BARAT,3210,KABUPATEN MAJALENGKA,ORGANISASI KEMASYARAKATAN,0,UNIT,2022
638,32,JAWA BARAT,3211,KABUPATEN SUMEDANG,KEMENKES,0,UNIT,2022
639,32,JAWA BARAT,3211,KABUPATEN SUMEDANG,PEM.PROV,0,UNIT,2022
640,32,JAWA BARAT,3211,KABUPATEN SUMEDANG,PEM.KAB/KOTA,1,UNIT,2022
641,32,JAWA BARAT,3211,KABUPATEN SUMEDANG,TNI/POLRI,0,UNIT,2022
642,32,JAWA BARAT,3211,KABUPATEN SUMEDANG,BUMN,0,UNIT,2022
643,32,JAWA BARAT,3211,KABUPATEN SUMEDANG,SWASTA,2,UNIT,2022
644,32,JAWA BARAT,3211,KABUPATEN SUMEDANG,ORGANISASI KEMASYARAKATAN,0,UNIT,2022
645,32,JAWA BARAT,3212,KABUPATEN INDRAMAYU,KEMENKES,0,UNIT,2022
646,32,JAWA BARAT,3212,KABUPATEN INDRAMAYU,PEM.PROV,0,UNIT,2022
647,32,JAWA BARAT,3212,KABUPATEN INDRAMAYU,PEM.KAB/KOTA,3,UNIT,2022
648,32,JAWA BARAT,3212,KABUPATEN INDRAMAYU,TNI/POLRI,1,UNIT,2022
649,32,JAWA BARAT,3212,KABUPATEN INDRAMAYU,BUMN,1,UNIT,2022
650,32,JAWA BARAT,3212,KABUPATEN INDRAMAYU,SWASTA,5,UNIT,2022
651,32,JAWA BARAT,3212,KABUPATEN INDRAMAYU,ORGANISASI KEMASYARAKATAN,1,UNIT,2022
652,32,JAWA BARAT,3213,KABUPATEN SUBANG,KEMENKES,0,UNIT,2022
653,32,JAWA BARAT,3213,KABUPATEN SUBANG,PEM.PROV,0,UNIT,2022
654,32,JAWA BARAT,3213,KABUPATEN SUBANG,PEM.KAB/KOTA,1,UNIT,2022
655,32,JAWA BARAT,3213,KABUPATEN SUBANG,TNI/POLRI,1,UNIT,2022
656,32,JAWA BARAT,3213,KABUPATEN SUBANG,BUMN,1,UNIT,2022
657,32,JAWA BARAT,3213,KABUPATEN SUBANG,SWASTA,6,UNIT,2022
658,32,JAWA BARAT,3213,KABUPATEN SUBANG,ORGANISASI KEMASYARAKATAN,0,UNIT,2022
659,32,JAWA BARAT,3214,KABUPATEN PURWAKARTA,KEMENKES,0,UNIT,2022
660,32,JAWA BARAT,3214,KABUPATEN PURWAKARTA,PEM.PROV,0,UNIT,2022
661,32,JAWA BARAT,3214,KABUPATEN PURWAKARTA,PEM.KAB/KOTA,1,UNIT,2022
662,32,JAWA BARAT,3214,KABUPATEN PURWAKARTA,TNI/POLRI,0,UNIT,2022
663,32,JAWA BARAT,3214,KABUPATEN PURWAKARTA,BUMN,0,UNIT,2022
664,32,JAWA BARAT,3214,KABUPATEN PURWAKARTA,SWASTA,8,UNIT,2022
665,32,JAWA BARAT,3214,KABUPATEN PURWAKARTA,ORGANISASI KEMASYARAKATAN,0,UNIT,2022
666,32,JAWA BARAT,3215,KABUPATEN KARAWANG,KEMENKES,0,UNIT,2022
667,32,JAWA BARAT,3215,KABUPATEN KARAWANG,PEM.PROV,0,UNIT,2022
668,32,JAWA BARAT,3215,KABUPATEN KARAWANG,PEM.KAB/KOTA,1,UNIT,2022
669,32,JAWA BARAT,3215,KABUPATEN KARAWANG,TNI/POLRI,0,UNIT,2022
670,32,JAWA BARAT,3215,KABUPATEN KARAWANG,BUMN,0,UNIT,2022
671,32,JAWA BARAT,3215,KABUPATEN KARAWANG,SWASTA,19,UNIT,2022
672,32,JAWA BARAT,3215,KABUPATEN KARAWANG,ORGANISASI KEMASYARAKATAN,2,UNIT,2022
673,32,JAWA BARAT,3216,KABUPATEN BEKASI,KEMENKES,0,UNIT,2022
674,32,JAWA BARAT,3216,KABUPATEN BEKASI,PEM.PROV,0,UNIT,2022
675,32,JAWA BARAT,3216,KABUPATEN BEKASI,PEM.KAB/KOTA,2,UNIT,2022
676,32,JAWA BARAT,3216,KABUPATEN BEKASI,TNI/POLRI,0,UNIT,2022
677,32,JAWA BARAT,3216,KABUPATEN BEKASI,BUMN,0,UNIT,2022
678,32,JAWA BARAT,3216,KABUPATEN BEKASI,SWASTA,43,UNIT,2022
679,32,JAWA BARAT,3216,KABUPATEN BEKASI,ORGANISASI KEMASYARAKATAN,4,UNIT,2022
680,32,JAWA BARAT,3217,KABUPATEN BANDUNG BARAT,KEMENKES,0,UNIT,2022
681,32,JAWA BARAT,3217,KABUPATEN BANDUNG BARAT,PEM.PROV,0,UNIT,2022
682,32,JAWA BARAT,3217,KABUPATEN BANDUNG BARAT,PEM.KAB/KOTA,3,UNIT,2022
683,32,JAWA BARAT,3217,KABUPATEN BANDUNG BARAT,TNI/POLRI,0,UNIT,2022
684,32,JAWA BARAT,3217,KABUPATEN BANDUNG BARAT,BUMN,0,UNIT,2022
685,32,JAWA BARAT,3217,KABUPATEN BANDUNG BARAT,SWASTA,3,UNIT,2022
686,32,JAWA BARAT,3217,KABUPATEN BANDUNG BARAT,ORGANISASI KEMASYARAKATAN,0,UNIT,2022
687,32,JAWA BARAT,3218,KABUPATEN PANGANDARAN,KEMENKES,0,UNIT,2022
688,32,JAWA BARAT,3218,KABUPATEN PANGANDARAN,PEM.PROV,0,UNIT,2022
689,32,JAWA BARAT,3218,KABUPATEN PANGANDARAN,PEM.KAB/KOTA,1,UNIT,2022
690,32,JAWA BARAT,3218,KABUPATEN PANGANDARAN,TNI/POLRI,0,UNIT,2022
691,32,JAWA BARAT,3218,KABUPATEN PANGANDARAN,BUMN,0,UNIT,2022
692,32,JAWA BARAT,3218,KABUPATEN PANGANDARAN,SWASTA,0,UNIT,2022
693,32,JAWA BARAT,3218,KABUPATEN PANGANDARAN,ORGANISASI KEMASYARAKATAN,0,UNIT,2022
694,32,JAWA BARAT,3271,KOTA BOGOR,KEMENKES,0,UNIT,2022
695,32,JAWA BARAT,3271,KOTA BOGOR,PEM.PROV,0,UNIT,2022
696,32,JAWA BARAT,3271,KOTA BOGOR,PEM.KAB/KOTA,1,UNIT,2022
697,32,JAWA BARAT,3271,KOTA BOGOR,TNI/POLRI,2,UNIT,2022
698,32,JAWA BARAT,3271,KOTA BOGOR,BUMN,0,UNIT,2022
699,32,JAWA BARAT,3271,KOTA BOGOR,SWASTA,14,UNIT,2022
700,32,JAWA BARAT,3271,KOTA BOGOR,ORGANISASI KEMASYARAKATAN,0,UNIT,2022
701,32,JAWA BARAT,3272,KOTA SUKABUMI,KEMENKES,0,UNIT,2022
702,32,JAWA BARAT,3272,KOTA SUKABUMI,PEM.PROV,0,UNIT,2022
703,32,JAWA BARAT,3272,KOTA SUKABUMI,PEM.KAB/KOTA,2,UNIT,2022
704,32,JAWA BARAT,3272,KOTA SUKABUMI,TNI/POLRI,1,UNIT,2022
705,32,JAWA BARAT,3272,KOTA SUKABUMI,BUMN,0,UNIT,2022
706,32,JAWA BARAT,3272,KOTA SUKABUMI,SWASTA,3,UNIT,2022
707,32,JAWA BARAT,3272,KOTA SUKABUMI,ORGANISASI KEMASYARAKATAN,0,UNIT,2022
708,32,JAWA BARAT,3273,KOTA BANDUNG,KEMENKES,1,UNIT,2022
709,32,JAWA BARAT,3273,KOTA BANDUNG,PEM.PROV,0,UNIT,2022
710,32,JAWA BARAT,3273,KOTA BANDUNG,PEM.KAB/KOTA,2,UNIT,2022
711,32,JAWA BARAT,3273,KOTA BANDUNG,TNI/POLRI,3,UNIT,2022
712,32,JAWA BARAT,3273,KOTA BANDUNG,BUMN,0,UNIT,2022
713,32,JAWA BARAT,3273,KOTA BANDUNG,SWASTA,18,UNIT,2022
714,32,JAWA BARAT,3273,KOTA BANDUNG,ORGANISASI KEMASYARAKATAN,0,UNIT,2022
715,32,JAWA BARAT,3274,KOTA CIREBON,KEMENKES,0,UNIT,2022
716,32,JAWA BARAT,3274,KOTA CIREBON,PEM.PROV,0,UNIT,2022
717,32,JAWA BARAT,3274,KOTA CIREBON,PEM.KAB/KOTA,1,UNIT,2022
718,32,JAWA BARAT,3274,KOTA CIREBON,TNI/POLRI,1,UNIT,2022
719,32,JAWA BARAT,3274,KOTA CIREBON,BUMN,1,UNIT,2022
720,32,JAWA BARAT,3274,KOTA CIREBON,SWASTA,3,UNIT,2022
721,32,JAWA BARAT,3274,KOTA CIREBON,ORGANISASI KEMASYARAKATAN,4,UNIT,2022
722,32,JAWA BARAT,3275,KOTA BEKASI,KEMENKES,0,UNIT,2022
723,32,JAWA BARAT,3275,KOTA BEKASI,PEM.PROV,0,UNIT,2022
724,32,JAWA BARAT,3275,KOTA BEKASI,PEM.KAB/KOTA,5,UNIT,2022
725,32,JAWA BARAT,3275,KOTA BEKASI,TNI/POLRI,0,UNIT,2022
726,32,JAWA BARAT,3275,KOTA BEKASI,BUMN,0,UNIT,2022
727,32,JAWA BARAT,3275,KOTA BEKASI,SWASTA,32,UNIT,2022
728,32,JAWA BARAT,3275,KOTA BEKASI,ORGANISASI KEMASYARAKATAN,6,UNIT,2022
729,32,JAWA BARAT,3276,KOTA DEPOK,KEMENKES,1,UNIT,2022
730,32,JAWA BARAT,3276,KOTA DEPOK,PEM.PROV,0,UNIT,2022
731,32,JAWA BARAT,3276,KOTA DEPOK,PEM.KAB/KOTA,2,UNIT,2022
732,32,JAWA BARAT,3276,KOTA DEPOK,TNI/POLRI,1,UNIT,2022
733,32,JAWA BARAT,3276,KOTA DEPOK,BUMN,0,UNIT,2022
734,32,JAWA BARAT,3276,KOTA DEPOK,SWASTA,14,UNIT,2022
735,32,JAWA BARAT,3276,KOTA DEPOK,ORGANISASI KEMASYARAKATAN,4,UNIT,2022
736,32,JAWA BARAT,3277,KOTA CIMAHI,KEMENKES,0,UNIT,2022
737,32,JAWA BARAT,3277,KOTA CIMAHI,PEM.PROV,0,UNIT,2022
738,32,JAWA BARAT,3277,KOTA CIMAHI,PEM.KAB/KOTA,1,UNIT,2022
739,32,JAWA BARAT,3277,KOTA CIMAHI,TNI/POLRI,1,UNIT,2022
740,32,JAWA BARAT,3277,KOTA CIMAHI,BUMN,0,UNIT,2022
741,32,JAWA BARAT,3277,KOTA CIMAHI,SWASTA,3,UNIT,2022
742,32,JAWA BARAT,3277,KOTA CIMAHI,ORGANISASI KEMASYARAKATAN,2,UNIT,2022
743,32,JAWA BARAT,3278,KOTA TASIKMALAYA,KEMENKES,0,UNIT,2022
744,32,JAWA BARAT,3278,KOTA TASIKMALAYA,PEM.PROV,0,UNIT,2022
745,32,JAWA BARAT,3278,KOTA TASIKMALAYA,PEM.KAB/KOTA,1,UNIT,2022
746,32,JAWA BARAT,3278,KOTA TASIKMALAYA,TNI/POLRI,0,UNIT,2022
747,32,JAWA BARAT,3278,KOTA TASIKMALAYA,BUMN,0,UNIT,2022
748,32,JAWA BARAT,3278,KOTA TASIKMALAYA,SWASTA,6,UNIT,2022
749,32,JAWA BARAT,3278,KOTA TASIKMALAYA,ORGANISASI KEMASYARAKATAN,1,UNIT,2022
750,32,JAWA BARAT,3279,KOTA BANJAR,KEMENKES,0,UNIT,2022
751,32,JAWA BARAT,3279,KOTA BANJAR,PEM.PROV,0,UNIT,2022
752,32,JAWA BARAT,3279,KOTA BANJAR,PEM.KAB/KOTA,2,UNIT,2022
753,32,JAWA BARAT,3279,KOTA BANJAR,TNI/POLRI,0,UNIT,2022
754,32,JAWA BARAT,3279,KOTA BANJAR,BUMN,0,UNIT,2022
755,32,JAWA BARAT,3279,KOTA BANJAR,SWASTA,2,UNIT,2022
756,32,JAWA BARAT,3279,KOTA BANJAR,ORGANISASI KEMASYARAKATAN,0,UNIT,2022
757,32,JAWA BARAT,3201,KABUPATEN BOGOR,KEMENKES,0,UNIT,2023
758,32,JAWA BARAT,3201,KABUPATEN BOGOR,PEM.PROV,0,UNIT,2023
759,32,JAWA BARAT,3201,KABUPATEN BOGOR,PEM.KAB/KOTA,4,UNIT,2023
760,32,JAWA BARAT,3201,KABUPATEN BOGOR,TNI/POLRI,1,UNIT,2023
761,32,JAWA BARAT,3201,KABUPATEN BOGOR,BUMN,0,UNIT,2023
762,32,JAWA BARAT,3201,KABUPATEN BOGOR,SWASTA,21,UNIT,2023
763,32,JAWA BARAT,3201,KABUPATEN BOGOR,ORGANISASI KEMASYARAKATAN,1,UNIT,2023
764,32,JAWA BARAT,3202,KABUPATEN SUKABUMI,KEMENKES,0,UNIT,2023
765,32,JAWA BARAT,3202,KABUPATEN SUKABUMI,PEM.PROV,1,UNIT,2023
766,32,JAWA BARAT,3202,KABUPATEN SUKABUMI,PEM.KAB/KOTA,3,UNIT,2023
767,32,JAWA BARAT,3202,KABUPATEN SUKABUMI,TNI/POLRI,0,UNIT,2023
768,32,JAWA BARAT,3202,KABUPATEN SUKABUMI,BUMN,0,UNIT,2023
769,32,JAWA BARAT,3202,KABUPATEN SUKABUMI,SWASTA,5,UNIT,2023
770,32,JAWA BARAT,3202,KABUPATEN SUKABUMI,ORGANISASI KEMASYARAKATAN,0,UNIT,2023
771,32,JAWA BARAT,3203,KABUPATEN CIANJUR,KEMENKES,0,UNIT,2023
772,32,JAWA BARAT,3203,KABUPATEN CIANJUR,PEM.PROV,0,UNIT,2023
773,32,JAWA BARAT,3203,KABUPATEN CIANJUR,PEM.KAB/KOTA,3,UNIT,2023
774,32,JAWA BARAT,3203,KABUPATEN CIANJUR,TNI/POLRI,1,UNIT,2023
775,32,JAWA BARAT,3203,KABUPATEN CIANJUR,BUMN,0,UNIT,2023
776,32,JAWA BARAT,3203,KABUPATEN CIANJUR,SWASTA,1,UNIT,2023
777,32,JAWA BARAT,3203,KABUPATEN CIANJUR,ORGANISASI KEMASYARAKATAN,0,UNIT,2023
778,32,JAWA BARAT,3204,KABUPATEN BANDUNG,KEMENKES,0,UNIT,2023
779,32,JAWA BARAT,3204,KABUPATEN BANDUNG,PEM.PROV,2,UNIT,2023
780,32,JAWA BARAT,3204,KABUPATEN BANDUNG,PEM.KAB/KOTA,3,UNIT,2023
781,32,JAWA BARAT,3204,KABUPATEN BANDUNG,TNI/POLRI,1,UNIT,2023
782,32,JAWA BARAT,3204,KABUPATEN BANDUNG,BUMN,0,UNIT,2023
783,32,JAWA BARAT,3204,KABUPATEN BANDUNG,SWASTA,5,UNIT,2023
784,32,JAWA BARAT,3204,KABUPATEN BANDUNG,ORGANISASI KEMASYARAKATAN,0,UNIT,2023
785,32,JAWA BARAT,3205,KABUPATEN GARUT,KEMENKES,0,UNIT,2023
786,32,JAWA BARAT,3205,KABUPATEN GARUT,PEM.PROV,1,UNIT,2023
787,32,JAWA BARAT,3205,KABUPATEN GARUT,PEM.KAB/KOTA,1,UNIT,2023
788,32,JAWA BARAT,3205,KABUPATEN GARUT,TNI/POLRI,1,UNIT,2023
789,32,JAWA BARAT,3205,KABUPATEN GARUT,BUMN,0,UNIT,2023
790,32,JAWA BARAT,3205,KABUPATEN GARUT,SWASTA,4,UNIT,2023
791,32,JAWA BARAT,3205,KABUPATEN GARUT,ORGANISASI KEMASYARAKATAN,1,UNIT,2023
792,32,JAWA BARAT,3206,KABUPATEN TASIKMALAYA,KEMENKES,0,UNIT,2023
793,32,JAWA BARAT,3206,KABUPATEN TASIKMALAYA,PEM.PROV,0,UNIT,2023
794,32,JAWA BARAT,3206,KABUPATEN TASIKMALAYA,PEM.KAB/KOTA,1,UNIT,2023
795,32,JAWA BARAT,3206,KABUPATEN TASIKMALAYA,TNI/POLRI,0,UNIT,2023
796,32,JAWA BARAT,3206,KABUPATEN TASIKMALAYA,BUMN,0,UNIT,2023
797,32,JAWA BARAT,3206,KABUPATEN TASIKMALAYA,SWASTA,0,UNIT,2023
798,32,JAWA BARAT,3206,KABUPATEN TASIKMALAYA,ORGANISASI KEMASYARAKATAN,0,UNIT,2023
799,32,JAWA BARAT,3207,KABUPATEN CIAMIS,KEMENKES,0,UNIT,2023
800,32,JAWA BARAT,3207,KABUPATEN CIAMIS,PEM.PROV,0,UNIT,2023
801,32,JAWA BARAT,3207,KABUPATEN CIAMIS,PEM.KAB/KOTA,2,UNIT,2023
802,32,JAWA BARAT,3207,KABUPATEN CIAMIS,TNI/POLRI,0,UNIT,2023
803,32,JAWA BARAT,3207,KABUPATEN CIAMIS,BUMN,0,UNIT,2023
804,32,JAWA BARAT,3207,KABUPATEN CIAMIS,SWASTA,1,UNIT,2023
805,32,JAWA BARAT,3207,KABUPATEN CIAMIS,ORGANISASI KEMASYARAKATAN,2,UNIT,2023
806,32,JAWA BARAT,3208,KABUPATEN KUNINGAN,KEMENKES,0,UNIT,2023
807,32,JAWA BARAT,3208,KABUPATEN KUNINGAN,PEM.PROV,0,UNIT,2023
808,32,JAWA BARAT,3208,KABUPATEN KUNINGAN,PEM.KAB/KOTA,2,UNIT,2023
809,32,JAWA BARAT,3208,KABUPATEN KUNINGAN,TNI/POLRI,0,UNIT,2023
810,32,JAWA BARAT,3208,KABUPATEN KUNINGAN,BUMN,0,UNIT,2023
811,32,JAWA BARAT,3208,KABUPATEN KUNINGAN,SWASTA,7,UNIT,2023
812,32,JAWA BARAT,3208,KABUPATEN KUNINGAN,ORGANISASI KEMASYARAKATAN,2,UNIT,2023
813,32,JAWA BARAT,3209,KABUPATEN CIREBON,KEMENKES,0,UNIT,2023
814,32,JAWA BARAT,3209,KABUPATEN CIREBON,PEM.PROV,0,UNIT,2023
815,32,JAWA BARAT,3209,KABUPATEN CIREBON,PEM.KAB/KOTA,2,UNIT,2023
816,32,JAWA BARAT,3209,KABUPATEN CIREBON,TNI/POLRI,0,UNIT,2023
817,32,JAWA BARAT,3209,KABUPATEN CIREBON,BUMN,0,UNIT,2023
818,32,JAWA BARAT,3209,KABUPATEN CIREBON,SWASTA,7,UNIT,2023
819,32,JAWA BARAT,3209,KABUPATEN CIREBON,ORGANISASI KEMASYARAKATAN,1,UNIT,2023
820,32,JAWA BARAT,3210,KABUPATEN MAJALENGKA,KEMENKES,0,UNIT,2023
821,32,JAWA BARAT,3210,KABUPATEN MAJALENGKA,PEM.PROV,0,UNIT,2023
822,32,JAWA BARAT,3210,KABUPATEN MAJALENGKA,PEM.KAB/KOTA,3,UNIT,2023
823,32,JAWA BARAT,3210,KABUPATEN MAJALENGKA,TNI/POLRI,0,UNIT,2023
824,32,JAWA BARAT,3210,KABUPATEN MAJALENGKA,BUMN,0,UNIT,2023
825,32,JAWA BARAT,3210,KABUPATEN MAJALENGKA,SWASTA,2,UNIT,2023
826,32,JAWA BARAT,3210,KABUPATEN MAJALENGKA,ORGANISASI KEMASYARAKATAN,0,UNIT,2023
827,32,JAWA BARAT,3211,KABUPATEN SUMEDANG,KEMENKES,0,UNIT,2023
828,32,JAWA BARAT,3211,KABUPATEN SUMEDANG,PEM.PROV,0,UNIT,2023
829,32,JAWA BARAT,3211,KABUPATEN SUMEDANG,PEM.KAB/KOTA,1,UNIT,2023
830,32,JAWA BARAT,3211,KABUPATEN SUMEDANG,TNI/POLRI,0,UNIT,2023
831,32,JAWA BARAT,3211,KABUPATEN SUMEDANG,BUMN,0,UNIT,2023
832,32,JAWA BARAT,3211,KABUPATEN SUMEDANG,SWASTA,2,UNIT,2023
833,32,JAWA BARAT,3211,KABUPATEN SUMEDANG,ORGANISASI KEMASYARAKATAN,0,UNIT,2023
834,32,JAWA BARAT,3212,KABUPATEN INDRAMAYU,KEMENKES,0,UNIT,2023
835,32,JAWA BARAT,3212,KABUPATEN INDRAMAYU,PEM.PROV,0,UNIT,2023
836,32,JAWA BARAT,3212,KABUPATEN INDRAMAYU,PEM.KAB/KOTA,3,UNIT,2023
837,32,JAWA BARAT,3212,KABUPATEN INDRAMAYU,TNI/POLRI,1,UNIT,2023
838,32,JAWA BARAT,3212,KABUPATEN INDRAMAYU,BUMN,1,UNIT,2023
839,32,JAWA BARAT,3212,KABUPATEN INDRAMAYU,SWASTA,5,UNIT,2023
840,32,JAWA BARAT,3212,KABUPATEN INDRAMAYU,ORGANISASI KEMASYARAKATAN,1,UNIT,2023
841,32,JAWA BARAT,3213,KABUPATEN SUBANG,KEMENKES,0,UNIT,2023
842,32,JAWA BARAT,3213,KABUPATEN SUBANG,PEM.PROV,0,UNIT,2023
843,32,JAWA BARAT,3213,KABUPATEN SUBANG,PEM.KAB/KOTA,1,UNIT,2023
844,32,JAWA BARAT,3213,KABUPATEN SUBANG,TNI/POLRI,1,UNIT,2023
845,32,JAWA BARAT,3213,KABUPATEN SUBANG,BUMN,1,UNIT,2023
846,32,JAWA BARAT,3213,KABUPATEN SUBANG,SWASTA,7,UNIT,2023
847,32,JAWA BARAT,3213,KABUPATEN SUBANG,ORGANISASI KEMASYARAKATAN,0,UNIT,2023
848,32,JAWA BARAT,3214,KABUPATEN PURWAKARTA,KEMENKES,0,UNIT,2023
849,32,JAWA BARAT,3214,KABUPATEN PURWAKARTA,PEM.PROV,0,UNIT,2023
850,32,JAWA BARAT,3214,KABUPATEN PURWAKARTA,PEM.KAB/KOTA,1,UNIT,2023
851,32,JAWA BARAT,3214,KABUPATEN PURWAKARTA,TNI/POLRI,0,UNIT,2023
852,32,JAWA BARAT,3214,KABUPATEN PURWAKARTA,BUMN,0,UNIT,2023
853,32,JAWA BARAT,3214,KABUPATEN PURWAKARTA,SWASTA,8,UNIT,2023
854,32,JAWA BARAT,3214,KABUPATEN PURWAKARTA,ORGANISASI KEMASYARAKATAN,0,UNIT,2023
855,32,JAWA BARAT,3215,KABUPATEN KARAWANG,KEMENKES,0,UNIT,2023
856,32,JAWA BARAT,3215,KABUPATEN KARAWANG,PEM.PROV,0,UNIT,2023
857,32,JAWA BARAT,3215,KABUPATEN KARAWANG,PEM.KAB/KOTA,2,UNIT,2023
858,32,JAWA BARAT,3215,KABUPATEN KARAWANG,TNI/POLRI,0,UNIT,2023
859,32,JAWA BARAT,3215,KABUPATEN KARAWANG,BUMN,0,UNIT,2023
860,32,JAWA BARAT,3215,KABUPATEN KARAWANG,SWASTA,20,UNIT,2023
861,32,JAWA BARAT,3215,KABUPATEN KARAWANG,ORGANISASI KEMASYARAKATAN,2,UNIT,2023
862,32,JAWA BARAT,3216,KABUPATEN BEKASI,KEMENKES,0,UNIT,2023
863,32,JAWA BARAT,3216,KABUPATEN BEKASI,PEM.PROV,0,UNIT,2023
864,32,JAWA BARAT,3216,KABUPATEN BEKASI,PEM.KAB/KOTA,2,UNIT,2023
865,32,JAWA BARAT,3216,KABUPATEN BEKASI,TNI/POLRI,0,UNIT,2023
866,32,JAWA BARAT,3216,KABUPATEN BEKASI,BUMN,0,UNIT,2023
867,32,JAWA BARAT,3216,KABUPATEN BEKASI,SWASTA,44,UNIT,2023
868,32,JAWA BARAT,3216,KABUPATEN BEKASI,ORGANISASI KEMASYARAKATAN,4,UNIT,2023
869,32,JAWA BARAT,3217,KABUPATEN BANDUNG BARAT,KEMENKES,0,UNIT,2023
870,32,JAWA BARAT,3217,KABUPATEN BANDUNG BARAT,PEM.PROV,0,UNIT,2023
871,32,JAWA BARAT,3217,KABUPATEN BANDUNG BARAT,PEM.KAB/KOTA,3,UNIT,2023
872,32,JAWA BARAT,3217,KABUPATEN BANDUNG BARAT,TNI/POLRI,0,UNIT,2023
873,32,JAWA BARAT,3217,KABUPATEN BANDUNG BARAT,BUMN,0,UNIT,2023
874,32,JAWA BARAT,3217,KABUPATEN BANDUNG BARAT,SWASTA,3,UNIT,2023
875,32,JAWA BARAT,3217,KABUPATEN BANDUNG BARAT,ORGANISASI KEMASYARAKATAN,0,UNIT,2023
876,32,JAWA BARAT,3218,KABUPATEN PANGANDARAN,KEMENKES,0,UNIT,2023
877,32,JAWA BARAT,3218,KABUPATEN PANGANDARAN,PEM.PROV,0,UNIT,2023
878,32,JAWA BARAT,3218,KABUPATEN PANGANDARAN,PEM.KAB/KOTA,1,UNIT,2023
879,32,JAWA BARAT,3218,KABUPATEN PANGANDARAN,TNI/POLRI,0,UNIT,2023
880,32,JAWA BARAT,3218,KABUPATEN PANGANDARAN,BUMN,0,UNIT,2023
881,32,JAWA BARAT,3218,KABUPATEN PANGANDARAN,SWASTA,0,UNIT,2023
882,32,JAWA BARAT,3218,KABUPATEN PANGANDARAN,ORGANISASI KEMASYARAKATAN,0,UNIT,2023
883,32,JAWA BARAT,3271,KOTA BOGOR,KEMENKES,0,UNIT,2023
884,32,JAWA BARAT,3271,KOTA BOGOR,PEM.PROV,0,UNIT,2023
885,32,JAWA BARAT,3271,KOTA BOGOR,PEM.KAB/KOTA,1,UNIT,2023
886,32,JAWA BARAT,3271,KOTA BOGOR,TNI/POLRI,2,UNIT,2023
887,32,JAWA BARAT,3271,KOTA BOGOR,BUMN,0,UNIT,2023
888,32,JAWA BARAT,3271,KOTA BOGOR,SWASTA,13,UNIT,2023
889,32,JAWA BARAT,3271,KOTA BOGOR,ORGANISASI KEMASYARAKATAN,2,UNIT,2023
890,32,JAWA BARAT,3272,KOTA SUKABUMI,KEMENKES,0,UNIT,2023
891,32,JAWA BARAT,3272,KOTA SUKABUMI,PEM.PROV,0,UNIT,2023
892,32,JAWA BARAT,3272,KOTA SUKABUMI,PEM.KAB/KOTA,2,UNIT,2023
893,32,JAWA BARAT,3272,KOTA SUKABUMI,TNI/POLRI,1,UNIT,2023
894,32,JAWA BARAT,3272,KOTA SUKABUMI,BUMN,0,UNIT,2023
895,32,JAWA BARAT,3272,KOTA SUKABUMI,SWASTA,3,UNIT,2023
896,32,JAWA BARAT,3272,KOTA SUKABUMI,ORGANISASI KEMASYARAKATAN,0,UNIT,2023
897,32,JAWA BARAT,3273,KOTA BANDUNG,KEMENKES,1,UNIT,2023
898,32,JAWA BARAT,3273,KOTA BANDUNG,PEM.PROV,0,UNIT,2023
899,32,JAWA BARAT,3273,KOTA BANDUNG,PEM.KAB/KOTA,2,UNIT,2023
900,32,JAWA BARAT,3273,KOTA BANDUNG,TNI/POLRI,3,UNIT,2023
901,32,JAWA BARAT,3273,KOTA BANDUNG,BUMN,0,UNIT,2023
902,32,JAWA BARAT,3273,KOTA BANDUNG,SWASTA,20,UNIT,2023
903,32,JAWA BARAT,3273,KOTA BANDUNG,ORGANISASI KEMASYARAKATAN,0,UNIT,2023
904,32,JAWA BARAT,3274,KOTA CIREBON,KEMENKES,0,UNIT,2023
905,32,JAWA BARAT,3274,KOTA CIREBON,PEM.PROV,0,UNIT,2023
906,32,JAWA BARAT,3274,KOTA CIREBON,PEM.KAB/KOTA,1,UNIT,2023
907,32,JAWA BARAT,3274,KOTA CIREBON,TNI/POLRI,1,UNIT,2023
908,32,JAWA BARAT,3274,KOTA CIREBON,BUMN,1,UNIT,2023
909,32,JAWA BARAT,3274,KOTA CIREBON,SWASTA,3,UNIT,2023
910,32,JAWA BARAT,3274,KOTA CIREBON,ORGANISASI KEMASYARAKATAN,4,UNIT,2023
911,32,JAWA BARAT,3275,KOTA BEKASI,KEMENKES,0,UNIT,2023
912,32,JAWA BARAT,3275,KOTA BEKASI,PEM.PROV,0,UNIT,2023
913,32,JAWA BARAT,3275,KOTA BEKASI,PEM.KAB/KOTA,5,UNIT,2023
914,32,JAWA BARAT,3275,KOTA BEKASI,TNI/POLRI,0,UNIT,2023
915,32,JAWA BARAT,3275,KOTA BEKASI,BUMN,0,UNIT,2023
916,32,JAWA BARAT,3275,KOTA BEKASI,SWASTA,35,UNIT,2023
917,32,JAWA BARAT,3275,KOTA BEKASI,ORGANISASI KEMASYARAKATAN,6,UNIT,2023
918,32,JAWA BARAT,3276,KOTA DEPOK,KEMENKES,1,UNIT,2023
919,32,JAWA BARAT,3276,KOTA DEPOK,PEM.PROV,0,UNIT,2023
920,32,JAWA BARAT,3276,KOTA DEPOK,PEM.KAB/KOTA,2,UNIT,2023
921,32,JAWA BARAT,3276,KOTA DEPOK,TNI/POLRI,1,UNIT,2023
922,32,JAWA BARAT,3276,KOTA DEPOK,BUMN,0,UNIT,2023
923,32,JAWA BARAT,3276,KOTA DEPOK,SWASTA,16,UNIT,2023
924,32,JAWA BARAT,3276,KOTA DEPOK,ORGANISASI KEMASYARAKATAN,3,UNIT,2023
925,32,JAWA BARAT,3277,KOTA CIMAHI,KEMENKES,0,UNIT,2023
926,32,JAWA BARAT,3277,KOTA CIMAHI,PEM.PROV,0,UNIT,2023
927,32,JAWA BARAT,3277,KOTA CIMAHI,PEM.KAB/KOTA,1,UNIT,2023
928,32,JAWA BARAT,3277,KOTA CIMAHI,TNI/POLRI,1,UNIT,2023
929,32,JAWA BARAT,3277,KOTA CIMAHI,BUMN,0,UNIT,2023
930,32,JAWA BARAT,3277,KOTA CIMAHI,SWASTA,5,UNIT,2023
931,32,JAWA BARAT,3277,KOTA CIMAHI,ORGANISASI KEMASYARAKATAN,0,UNIT,2023
932,32,JAWA BARAT,3278,KOTA TASIKMALAYA,KEMENKES,0,UNIT,2023
933,32,JAWA BARAT,3278,KOTA TASIKMALAYA,PEM.PROV,0,UNIT,2023
934,32,JAWA BARAT,3278,KOTA TASIKMALAYA,PEM.KAB/KOTA,1,UNIT,2023
935,32,JAWA BARAT,3278,KOTA TASIKMALAYA,TNI/POLRI,0,UNIT,2023
936,32,JAWA BARAT,3278,KOTA TASIKMALAYA,BUMN,0,UNIT,2023
937,32,JAWA BARAT,3278,KOTA TASIKMALAYA,SWASTA,7,UNIT,2023
938,32,JAWA BARAT,3278,KOTA TASIKMALAYA,ORGANISASI KEMASYARAKATAN,0,UNIT,2023
939,32,JAWA BARAT,3279,KOTA BANJAR,KEMENKES,0,UNIT,2023
940,32,JAWA BARAT,3279,KOTA BANJAR,PEM.PROV,0,UNIT,2023
941,32,JAWA BARAT,3279,KOTA BANJAR,PEM.KAB/KOTA,2,UNIT,2023
942,32,JAWA BARAT,3279,KOTA BANJAR,TNI/POLRI,0,UNIT,2023
943,32,JAWA BARAT,3279,KOTA BANJAR,BUMN,0,UNIT,2023
944,32,JAWA BARAT,3279,KOTA BANJAR,SWASTA,2,UNIT,2023
945,32,JAWA BARAT,3279,KOTA BANJAR,ORGANISASI KEMASYARAKATAN,0,UNIT,2023
946,32,JAWA BARAT,3201,KABUPATEN BOGOR,KEMENKES,0,UNIT,2024
947,32,JAWA BARAT,3201,KABUPATEN BOGOR,PEM.PROV,0,UNIT,2024
948,32,JAWA BARAT,3201,KABUPATEN BOGOR,PEM.KAB/KOTA,4,UNIT,2024
949,32,JAWA BARAT,3201,KABUPATEN BOGOR,TNI/POLRI,1,UNIT,2024
950,32,JAWA BARAT,3201,KABUPATEN BOGOR,BUMN,0,UNIT,2024
951,32,JAWA BARAT,3201,KABUPATEN BOGOR,SWASTA,22,UNIT,2024
952,32,JAWA BARAT,3201,KABUPATEN BOGOR,ORGANISASI KEMASYARAKATAN,0,UNIT,2024
953,32,JAWA BARAT,3202,KABUPATEN SUKABUMI,KEMENKES,0,UNIT,2024
954,32,JAWA BARAT,3202,KABUPATEN SUKABUMI,PEM.PROV,1,UNIT,2024
955,32,JAWA BARAT,3202,KABUPATEN SUKABUMI,PEM.KAB/KOTA,3,UNIT,2024
956,32,JAWA BARAT,3202,KABUPATEN SUKABUMI,TNI/POLRI,0,UNIT,2024
957,32,JAWA BARAT,3202,KABUPATEN SUKABUMI,BUMN,0,UNIT,2024
958,32,JAWA BARAT,3202,KABUPATEN SUKABUMI,SWASTA,5,UNIT,2024
959,32,JAWA BARAT,3202,KABUPATEN SUKABUMI,ORGANISASI KEMASYARAKATAN,0,UNIT,2024
960,32,JAWA BARAT,3203,KABUPATEN CIANJUR,KEMENKES,0,UNIT,2024
961,32,JAWA BARAT,3203,KABUPATEN CIANJUR,PEM.PROV,0,UNIT,2024
962,32,JAWA BARAT,3203,KABUPATEN CIANJUR,PEM.KAB/KOTA,4,UNIT,2024
963,32,JAWA BARAT,3203,KABUPATEN CIANJUR,TNI/POLRI,1,UNIT,2024
964,32,JAWA BARAT,3203,KABUPATEN CIANJUR,BUMN,0,UNIT,2024
965,32,JAWA BARAT,3203,KABUPATEN CIANJUR,SWASTA,2,UNIT,2024
966,32,JAWA BARAT,3203,KABUPATEN CIANJUR,ORGANISASI KEMASYARAKATAN,0,UNIT,2024
967,32,JAWA BARAT,3204,KABUPATEN BANDUNG,KEMENKES,0,UNIT,2024
968,32,JAWA BARAT,3204,KABUPATEN BANDUNG,PEM.PROV,2,UNIT,2024
969,32,JAWA BARAT,3204,KABUPATEN BANDUNG,PEM.KAB/KOTA,7,UNIT,2024
970,32,JAWA BARAT,3204,KABUPATEN BANDUNG,TNI/POLRI,1,UNIT,2024
971,32,JAWA BARAT,3204,KABUPATEN BANDUNG,BUMN,0,UNIT,2024
972,32,JAWA BARAT,3204,KABUPATEN BANDUNG,SWASTA,6,UNIT,2024
973,32,JAWA BARAT,3204,KABUPATEN BANDUNG,ORGANISASI KEMASYARAKATAN,1,UNIT,2024
974,32,JAWA BARAT,3205,KABUPATEN GARUT,KEMENKES,0,UNIT,2024
975,32,JAWA BARAT,3205,KABUPATEN GARUT,PEM.PROV,1,UNIT,2024
976,32,JAWA BARAT,3205,KABUPATEN GARUT,PEM.KAB/KOTA,2,UNIT,2024
977,32,JAWA BARAT,3205,KABUPATEN GARUT,TNI/POLRI,1,UNIT,2024
978,32,JAWA BARAT,3205,KABUPATEN GARUT,BUMN,0,UNIT,2024
979,32,JAWA BARAT,3205,KABUPATEN GARUT,SWASTA,4,UNIT,2024
980,32,JAWA BARAT,3205,KABUPATEN GARUT,ORGANISASI KEMASYARAKATAN,1,UNIT,2024
981,32,JAWA BARAT,3206,KABUPATEN TASIKMALAYA,KEMENKES,0,UNIT,2024
982,32,JAWA BARAT,3206,KABUPATEN TASIKMALAYA,PEM.PROV,0,UNIT,2024
983,32,JAWA BARAT,3206,KABUPATEN TASIKMALAYA,PEM.KAB/KOTA,1,UNIT,2024
984,32,JAWA BARAT,3206,KABUPATEN TASIKMALAYA,TNI/POLRI,0,UNIT,2024
985,32,JAWA BARAT,3206,KABUPATEN TASIKMALAYA,BUMN,0,UNIT,2024
986,32,JAWA BARAT,3206,KABUPATEN TASIKMALAYA,SWASTA,0,UNIT,2024
987,32,JAWA BARAT,3206,KABUPATEN TASIKMALAYA,ORGANISASI KEMASYARAKATAN,0,UNIT,2024
988,32,JAWA BARAT,3207,KABUPATEN CIAMIS,KEMENKES,0,UNIT,2024
989,32,JAWA BARAT,3207,KABUPATEN CIAMIS,PEM.PROV,0,UNIT,2024
990,32,JAWA BARAT,3207,KABUPATEN CIAMIS,PEM.KAB/KOTA,2,UNIT,2024
991,32,JAWA BARAT,3207,KABUPATEN CIAMIS,TNI/POLRI,0,UNIT,2024
992,32,JAWA BARAT,3207,KABUPATEN CIAMIS,BUMN,0,UNIT,2024
993,32,JAWA BARAT,3207,KABUPATEN CIAMIS,SWASTA,3,UNIT,2024
994,32,JAWA BARAT,3207,KABUPATEN CIAMIS,ORGANISASI KEMASYARAKATAN,0,UNIT,2024
995,32,JAWA BARAT,3208,KABUPATEN KUNINGAN,KEMENKES,0,UNIT,2024
996,32,JAWA BARAT,3208,KABUPATEN KUNINGAN,PEM.PROV,0,UNIT,2024
997,32,JAWA BARAT,3208,KABUPATEN KUNINGAN,PEM.KAB/KOTA,2,UNIT,2024
998,32,JAWA BARAT,3208,KABUPATEN KUNINGAN,TNI/POLRI,0,UNIT,2024
999,32,JAWA BARAT,3208,KABUPATEN KUNINGAN,BUMN,0,UNIT,2024
1000,32,JAWA BARAT,3208,KABUPATEN KUNINGAN,SWASTA,9,UNIT,2024
1001,32,JAWA BARAT,3208,KABUPATEN KUNINGAN,ORGANISASI KEMASYARAKATAN,0,UNIT,2024
1002,32,JAWA BARAT,3209,KABUPATEN CIREBON,KEMENKES,0,UNIT,2024
1003,32,JAWA BARAT,3209,KABUPATEN CIREBON,PEM.PROV,0,UNIT,2024
1004,32,JAWA BARAT,3209,KABUPATEN CIREBON,PEM.KAB/KOTA,2,UNIT,2024
1005,32,JAWA BARAT,3209,KABUPATEN CIREBON,TNI/POLRI,0,UNIT,2024
1006,32,JAWA BARAT,3209,KABUPATEN CIREBON,BUMN,0,UNIT,2024
1007,32,JAWA BARAT,3209,KABUPATEN CIREBON,SWASTA,8,UNIT,2024
1008,32,JAWA BARAT,3209,KABUPATEN CIREBON,ORGANISASI KEMASYARAKATAN,1,UNIT,2024
1009,32,JAWA BARAT,3210,KABUPATEN MAJALENGKA,KEMENKES,0,UNIT,2024
1010,32,JAWA BARAT,3210,KABUPATEN MAJALENGKA,PEM.PROV,0,UNIT,2024
1011,32,JAWA BARAT,3210,KABUPATEN MAJALENGKA,PEM.KAB/KOTA,3,UNIT,2024
1012,32,JAWA BARAT,3210,KABUPATEN MAJALENGKA,TNI/POLRI,0,UNIT,2024
1013,32,JAWA BARAT,3210,KABUPATEN MAJALENGKA,BUMN,0,UNIT,2024
1014,32,JAWA BARAT,3210,KABUPATEN MAJALENGKA,SWASTA,2,UNIT,2024
1015,32,JAWA BARAT,3210,KABUPATEN MAJALENGKA,ORGANISASI KEMASYARAKATAN,0,UNIT,2024
1016,32,JAWA BARAT,3211,KABUPATEN SUMEDANG,KEMENKES,1,UNIT,2024
1017,32,JAWA BARAT,3211,KABUPATEN SUMEDANG,PEM.PROV,0,UNIT,2024
1018,32,JAWA BARAT,3211,KABUPATEN SUMEDANG,PEM.KAB/KOTA,1,UNIT,2024
1019,32,JAWA BARAT,3211,KABUPATEN SUMEDANG,TNI/POLRI,0,UNIT,2024
1020,32,JAWA BARAT,3211,KABUPATEN SUMEDANG,BUMN,0,UNIT,2024
1021,32,JAWA BARAT,3211,KABUPATEN SUMEDANG,SWASTA,3,UNIT,2024
1022,32,JAWA BARAT,3211,KABUPATEN SUMEDANG,ORGANISASI KEMASYARAKATAN,0,UNIT,2024
1023,32,JAWA BARAT,3212,KABUPATEN INDRAMAYU,KEMENKES,0,UNIT,2024
1024,32,JAWA BARAT,3212,KABUPATEN INDRAMAYU,PEM.PROV,0,UNIT,2024
1025,32,JAWA BARAT,3212,KABUPATEN INDRAMAYU,PEM.KAB/KOTA,3,UNIT,2024
1026,32,JAWA BARAT,3212,KABUPATEN INDRAMAYU,TNI/POLRI,1,UNIT,2024
1027,32,JAWA BARAT,3212,KABUPATEN INDRAMAYU,BUMN,1,UNIT,2024
1028,32,JAWA BARAT,3212,KABUPATEN INDRAMAYU,SWASTA,6,UNIT,2024
1029,32,JAWA BARAT,3212,KABUPATEN INDRAMAYU,ORGANISASI KEMASYARAKATAN,0,UNIT,2024
1030,32,JAWA BARAT,3213,KABUPATEN SUBANG,KEMENKES,0,UNIT,2024
1031,32,JAWA BARAT,3213,KABUPATEN SUBANG,PEM.PROV,0,UNIT,2024
1032,32,JAWA BARAT,3213,KABUPATEN SUBANG,PEM.KAB/KOTA,1,UNIT,2024
1033,32,JAWA BARAT,3213,KABUPATEN SUBANG,TNI/POLRI,1,UNIT,2024
1034,32,JAWA BARAT,3213,KABUPATEN SUBANG,BUMN,1,UNIT,2024
1035,32,JAWA BARAT,3213,KABUPATEN SUBANG,SWASTA,7,UNIT,2024
1036,32,JAWA BARAT,3213,KABUPATEN SUBANG,ORGANISASI KEMASYARAKATAN,0,UNIT,2024
1037,32,JAWA BARAT,3214,KABUPATEN PURWAKARTA,KEMENKES,0,UNIT,2024
1038,32,JAWA BARAT,3214,KABUPATEN PURWAKARTA,PEM.PROV,0,UNIT,2024
1039,32,JAWA BARAT,3214,KABUPATEN PURWAKARTA,PEM.KAB/KOTA,1,UNIT,2024
1040,32,JAWA BARAT,3214,KABUPATEN PURWAKARTA,TNI/POLRI,0,UNIT,2024
1041,32,JAWA BARAT,3214,KABUPATEN PURWAKARTA,BUMN,0,UNIT,2024
1042,32,JAWA BARAT,3214,KABUPATEN PURWAKARTA,SWASTA,8,UNIT,2024
1043,32,JAWA BARAT,3214,KABUPATEN PURWAKARTA,ORGANISASI KEMASYARAKATAN,0,UNIT,2024
1044,32,JAWA BARAT,3215,KABUPATEN KARAWANG,KEMENKES,0,UNIT,2024
1045,32,JAWA BARAT,3215,KABUPATEN KARAWANG,PEM.PROV,0,UNIT,2024
1046,32,JAWA BARAT,3215,KABUPATEN KARAWANG,PEM.KAB/KOTA,2,UNIT,2024
1047,32,JAWA BARAT,3215,KABUPATEN KARAWANG,TNI/POLRI,0,UNIT,2024
1048,32,JAWA BARAT,3215,KABUPATEN KARAWANG,BUMN,0,UNIT,2024
1049,32,JAWA BARAT,3215,KABUPATEN KARAWANG,SWASTA,23,UNIT,2024
1050,32,JAWA BARAT,3215,KABUPATEN KARAWANG,ORGANISASI KEMASYARAKATAN,0,UNIT,2024
1051,32,JAWA BARAT,3216,KABUPATEN BEKASI,KEMENKES,0,UNIT,2024
1052,32,JAWA BARAT,3216,KABUPATEN BEKASI,PEM.PROV,0,UNIT,2024
1053,32,JAWA BARAT,3216,KABUPATEN BEKASI,PEM.KAB/KOTA,2,UNIT,2024
1054,32,JAWA BARAT,3216,KABUPATEN BEKASI,TNI/POLRI,0,UNIT,2024
1055,32,JAWA BARAT,3216,KABUPATEN BEKASI,BUMN,0,UNIT,2024
1056,32,JAWA BARAT,3216,KABUPATEN BEKASI,SWASTA,48,UNIT,2024
1057,32,JAWA BARAT,3216,KABUPATEN BEKASI,ORGANISASI KEMASYARAKATAN,0,UNIT,2024
1058,32,JAWA BARAT,3217,KABUPATEN BANDUNG BARAT,KEMENKES,0,UNIT,2024
1059,32,JAWA BARAT,3217,KABUPATEN BANDUNG BARAT,PEM.PROV,0,UNIT,2024
1060,32,JAWA BARAT,3217,KABUPATEN BANDUNG BARAT,PEM.KAB/KOTA,3,UNIT,2024
1061,32,JAWA BARAT,3217,KABUPATEN BANDUNG BARAT,TNI/POLRI,0,UNIT,2024
1062,32,JAWA BARAT,3217,KABUPATEN BANDUNG BARAT,BUMN,0,UNIT,2024
1063,32,JAWA BARAT,3217,KABUPATEN BANDUNG BARAT,SWASTA,3,UNIT,2024
1064,32,JAWA BARAT,3217,KABUPATEN BANDUNG BARAT,ORGANISASI KEMASYARAKATAN,0,UNIT,2024
1065,32,JAWA BARAT,3218,KABUPATEN PANGANDARAN,KEMENKES,0,UNIT,2024
1066,32,JAWA BARAT,3218,KABUPATEN PANGANDARAN,PEM.PROV,0,UNIT,2024
1067,32,JAWA BARAT,3218,KABUPATEN PANGANDARAN,PEM.KAB/KOTA,1,UNIT,2024
1068,32,JAWA BARAT,3218,KABUPATEN PANGANDARAN,TNI/POLRI,0,UNIT,2024
1069,32,JAWA BARAT,3218,KABUPATEN PANGANDARAN,BUMN,0,UNIT,2024
1070,32,JAWA BARAT,3218,KABUPATEN PANGANDARAN,SWASTA,0,UNIT,2024
1071,32,JAWA BARAT,3218,KABUPATEN PANGANDARAN,ORGANISASI KEMASYARAKATAN,0,UNIT,2024
1072,32,JAWA BARAT,3271,KOTA BOGOR,KEMENKES,0,UNIT,2024
1073,32,JAWA BARAT,3271,KOTA BOGOR,PEM.PROV,0,UNIT,2024
1074,32,JAWA BARAT,3271,KOTA BOGOR,PEM.KAB/KOTA,1,UNIT,2024
1075,32,JAWA BARAT,3271,KOTA BOGOR,TNI/POLRI,2,UNIT,2024
1076,32,JAWA BARAT,3271,KOTA BOGOR,BUMN,0,UNIT,2024
1077,32,JAWA BARAT,3271,KOTA BOGOR,SWASTA,15,UNIT,2024
1078,32,JAWA BARAT,3271,KOTA BOGOR,ORGANISASI KEMASYARAKATAN,0,UNIT,2024
1079,32,JAWA BARAT,3272,KOTA SUKABUMI,KEMENKES,0,UNIT,2024
1080,32,JAWA BARAT,3272,KOTA SUKABUMI,PEM.PROV,0,UNIT,2024
1081,32,JAWA BARAT,3272,KOTA SUKABUMI,PEM.KAB/KOTA,2,UNIT,2024
1082,32,JAWA BARAT,3272,KOTA SUKABUMI,TNI/POLRI,1,UNIT,2024
1083,32,JAWA BARAT,3272,KOTA SUKABUMI,BUMN,0,UNIT,2024
1084,32,JAWA BARAT,3272,KOTA SUKABUMI,SWASTA,1,UNIT,2024
1085,32,JAWA BARAT,3272,KOTA SUKABUMI,ORGANISASI KEMASYARAKATAN,2,UNIT,2024
1086,32,JAWA BARAT,3273,KOTA BANDUNG,KEMENKES,1,UNIT,2024
1087,32,JAWA BARAT,3273,KOTA BANDUNG,PEM.PROV,0,UNIT,2024
1088,32,JAWA BARAT,3273,KOTA BANDUNG,PEM.KAB/KOTA,2,UNIT,2024
1089,32,JAWA BARAT,3273,KOTA BANDUNG,TNI/POLRI,3,UNIT,2024
1090,32,JAWA BARAT,3273,KOTA BANDUNG,BUMN,0,UNIT,2024
1091,32,JAWA BARAT,3273,KOTA BANDUNG,SWASTA,21,UNIT,2024
1092,32,JAWA BARAT,3273,KOTA BANDUNG,ORGANISASI KEMASYARAKATAN,3,UNIT,2024
1093,32,JAWA BARAT,3274,KOTA CIREBON,KEMENKES,0,UNIT,2024
1094,32,JAWA BARAT,3274,KOTA CIREBON,PEM.PROV,0,UNIT,2024
1095,32,JAWA BARAT,3274,KOTA CIREBON,PEM.KAB/KOTA,1,UNIT,2024
1096,32,JAWA BARAT,3274,KOTA CIREBON,TNI/POLRI,1,UNIT,2024
1097,32,JAWA BARAT,3274,KOTA CIREBON,BUMN,0,UNIT,2024
1098,32,JAWA BARAT,3274,KOTA CIREBON,SWASTA,7,UNIT,2024
1099,32,JAWA BARAT,3274,KOTA CIREBON,ORGANISASI KEMASYARAKATAN,0,UNIT,2024
1100,32,JAWA BARAT,3275,KOTA BEKASI,KEMENKES,0,UNIT,2024
1101,32,JAWA BARAT,3275,KOTA BEKASI,PEM.PROV,0,UNIT,2024
1102,32,JAWA BARAT,3275,KOTA BEKASI,PEM.KAB/KOTA,5,UNIT,2024
1103,32,JAWA BARAT,3275,KOTA BEKASI,TNI/POLRI,0,UNIT,2024
1104,32,JAWA BARAT,3275,KOTA BEKASI,BUMN,0,UNIT,2024
1105,32,JAWA BARAT,3275,KOTA BEKASI,SWASTA,35,UNIT,2024
1106,32,JAWA BARAT,3275,KOTA BEKASI,ORGANISASI KEMASYARAKATAN,6,UNIT,2024
1107,32,JAWA BARAT,3276,KOTA DEPOK,KEMENKES,1,UNIT,2024
1108,32,JAWA BARAT,3276,KOTA DEPOK,PEM.PROV,0,UNIT,2024
1109,32,JAWA BARAT,3276,KOTA DEPOK,PEM.KAB/KOTA,2,UNIT,2024
1110,32,JAWA BARAT,3276,KOTA DEPOK,TNI/POLRI,1,UNIT,2024
1111,32,JAWA BARAT,3276,KOTA DEPOK,BUMN,0,UNIT,2024
1112,32,JAWA BARAT,3276,KOTA DEPOK,SWASTA,20,UNIT,2024
1113,32,JAWA BARAT,3276,KOTA DEPOK,ORGANISASI KEMASYARAKATAN,0,UNIT,2024
1114,32,JAWA BARAT,3277,KOTA CIMAHI,KEMENKES,0,UNIT,2024
1115,32,JAWA BARAT,3277,KOTA CIMAHI,PEM.PROV,0,UNIT,2024
1116,32,JAWA BARAT,3277,KOTA CIMAHI,PEM.KAB/KOTA,1,UNIT,2024
1117,32,JAWA BARAT,3277,KOTA CIMAHI,TNI/POLRI,1,UNIT,2024
1118,32,JAWA BARAT,3277,KOTA CIMAHI,BUMN,0,UNIT,2024
1119,32,JAWA BARAT,3277,KOTA CIMAHI,SWASTA,5,UNIT,2024
1120,32,JAWA BARAT,3277,KOTA CIMAHI,ORGANISASI KEMASYARAKATAN,0,UNIT,2024
1121,32,JAWA BARAT,3278,KOTA TASIKMALAYA,KEMENKES,0,UNIT,2024
1122,32,JAWA BARAT,3278,KOTA TASIKMALAYA,PEM.PROV,0,UNIT,2024
1123,32,JAWA BARAT,3278,KOTA TASIKMALAYA,PEM.KAB/KOTA,2,UNIT,2024
1124,32,JAWA BARAT,3278,KOTA TASIKMALAYA,TNI/POLRI,0,UNIT,2024
1125,32,JAWA BARAT,3278,KOTA TASIKMALAYA,BUMN,0,UNIT,2024
1126,32,JAWA BARAT,3278,KOTA TASIKMALAYA,SWASTA,7,UNIT,2024
1127,32,JAWA BARAT,3278,KOTA TASIKMALAYA,ORGANISASI KEMASYARAKATAN,0,UNIT,2024
1128,32,JAWA BARAT,3279,KOTA BANJAR,KEMENKES,0,UNIT,2024
1129,32,JAWA BARAT,3279,KOTA BANJAR,PEM.PROV,0,UNIT,2024
1130,32,JAWA BARAT,3279,KOTA BANJAR,PEM.KAB/KOTA,2,UNIT,2024
1131,32,JAWA BARAT,3279,KOTA BANJAR,TNI/POLRI,0,UNIT,2024
1132,32,JAWA BARAT,3279,KOTA BANJAR,BUMN,0,UNIT,2024
1133,32,JAWA BARAT,3279,KOTA BANJAR,SWASTA,2,UNIT,2024
1134,32,JAWA BARAT,3279,KOTA BANJAR,ORGANISASI KEMASYARAKATAN,0,UNIT,2024
